Angle,Intensity
20,776
20.01,751
20.02,702
20.031,707
20.041,732
20.051,776
20.061,712
20.071,733
20.082,826
20.092,723
20.102,769
20.112,708
20.122,700
20.133,741
20.143,744
20.153,731
20.163,728
20.173,758
20.183,734
20.194,775
20.204,767
20.214,746
20.224,740
20.234,747
20.245,705
20.255,671
20.265,757
20.275,766
20.285,776
20.296,740
20.306,759
20.316,705
20.326,740
20.336,753
20.347,722
20.357,791
20.367,656
20.377,722
20.387,704
20.398,739
20.408,721
20.418,721
20.428,727
20.438,738
20.448,707
20.459,684
20.469,705
20.479,731
20.489,691
20.499,727
20.51,679
20.52,770
20.53,742
20.54,713
20.55,766
20.561,715
20.571,701
20.581,735
20.591,729
20.601,713
20.612,739
20.622,762
20.632,763
20.642,669
20.652,714
20.663,674
20.673,745
20.683,693
20.693,706
20.703,691
20.714,696
20.724,719
20.734,689
20.744,699
20.754,714
20.764,693
20.775,721
20.785,661
20.795,700
20.805,731
20.815,703
20.826,707
20.836,661
20.846,741
20.856,737
20.866,709
20.877,657
20.887,753
20.897,678
20.907,748
20.917,680
20.928,690
20.938,693
20.948,682
20.958,651
20.968,739
20.979,668
20.989,638
20.999,695
21.009,717
21.019,621
21.029,634
21.04,659
21.05,674
21.06,662
21.07,680
21.08,716
21.091,639
21.101,696
21.111,674
21.121,681
21.131,684
21.142,706
21.152,648
21.162,635
21.172,700
21.182,671
21.193,686
21.203,681
21.213,659
21.223,692
21.233,653
21.244,701
21.254,663
21.264,731
21.274,643
21.284,652
21.294,671
21.305,678
21.315,690
21.325,666
21.335,660
21.345,661
21.356,629
21.366,652
21.376,657
21.386,622
21.396,707
21.407,594
21.417,648
21.427,641
21.437,630
21.447,638
21.458,624
21.468,654
21.478,637
21.488,654
21.498,625
21.509,689
21.519,628
21.529,632
21.539,660
21.549,646
21.56,654
21.57,685
21.58,657
21.59,624
21.6,674
21.61,674
21.621,635
21.631,644
21.641,661
21.651,663
21.661,631
21.672,629
21.682,641
21.692,678
21.702,633
21.712,612
21.723,621
21.733,651
21.743,639
21.753,650
21.763,591
21.774,608
21.784,667
21.794,637
21.804,648
21.814,686
21.825,642
21.835,608
21.845,671
21.855,644
21.865,565
21.875,629
21.886,668
21.896,639
21.906,644
21.916,587
21.926,629
21.937,578
21.947,652
21.957,679
21.967,634
21.977,628
21.988,625
21.998,651
22.008,630
22.018,625
22.028,591
22.039,598
22.049,621
22.059,647
22.069,662
22.079,595
22.09,628
22.1,598
22.11,616
22.12,644
22.13,619
22.141,604
22.151,576
22.161,595
22.171,632
22.181,610
22.191,611
22.202,600
22.212,579
22.222,599
22.232,589
22.242,620
22.253,622
22.263,586
22.273,651
22.283,601
22.293,597
22.304,567
22.314,586
22.324,598
22.334,566
22.344,553
22.355,618
22.365,637
22.375,579
22.385,605
22.395,615
22.406,579
22.416,627
22.426,580
22.436,596
22.446,603
22.456,601
22.467,589
22.477,614
22.487,565
22.497,606
22.507,615
22.518,608
22.528,605
22.538,600
22.548,591
22.558,589
22.569,563
22.579,606
22.589,577
22.599,572
22.609,570
22.62,563
22.63,601
22.64,613
22.65,600
22.66,586
22.671,613
22.681,619
22.691,628
22.701,535
22.711,597
22.721,600
22.732,607
22.742,586
22.752,558
22.762,584
22.772,565
22.783,544
22.793,597
22.803,555
22.813,553
22.823,569
22.834,600
22.844,569
22.854,595
22.864,567
22.874,566
22.885,584
22.895,558
22.905,557
22.915,580
22.925,520
22.936,576
22.946,559
22.956,581
22.966,573
22.976,561
22.987,578
22.997,550
23.007,558
23.017,569
23.027,595
23.037,590
23.048,567
23.058,567
23.068,540
23.078,520
23.088,519
23.099,601
23.109,525
23.119,606
23.129,531
23.139,564
23.15,558
23.16,542
23.17,557
23.18,569
23.19,554
23.201,563
23.211,561
23.221,618
23.231,594
23.241,547
23.252,541
23.262,545
23.272,529
23.282,577
23.292,547
23.302,577
23.313,610
23.323,569
23.333,539
23.343,567
23.353,567
23.364,600
23.374,559
23.384,530
23.394,498
23.404,522
23.415,553
23.425,541
23.435,530
23.445,577
23.455,550
23.466,553
23.476,595
23.486,537
23.496,553
23.506,534
23.517,528
23.527,549
23.537,556
23.547,552
23.557,507
23.568,516
23.578,578
23.588,516
23.598,546
23.608,544
23.618,552
23.629,518
23.639,525
23.649,501
23.659,546
23.669,546
23.68,549
23.69,556
23.7,535
23.71,512
23.72,510
23.731,577
23.741,516
23.751,567
23.761,554
23.771,537
23.782,541
23.792,539
23.802,532
23.812,496
23.822,514
23.833,541
23.843,519
23.853,541
23.863,528
23.873,520
23.883,519
23.894,548
23.904,481
23.914,507
23.924,538
23.934,533
23.945,535
23.955,501
23.965,553
23.975,513
23.985,510
23.996,491
24.006,515
24.016,544
24.026,518
24.036,521
24.047,533
24.057,542
24.067,512
24.077,510
24.087,563
24.098,550
24.108,488
24.118,485
24.128,492
24.138,536
24.148,478
24.159,522
24.169,535
24.179,496
24.189,496
24.199,514
24.21,489
24.22,496
24.23,502
24.24,478
24.25,513
24.261,484
24.271,506
24.281,500
24.291,474
24.301,485
24.312,485
24.322,476
24.332,495
24.342,497
24.352,487
24.363,544
24.373,509
24.383,509
24.393,505
24.403,515
24.414,504
24.424,534
24.434,502
24.444,544
24.454,525
24.464,491
24.475,504
24.485,523
24.495,498
24.505,504
24.515,509
24.526,516
24.536,492
24.546,499
24.556,509
24.566,480
24.577,472
24.587,493
24.597,487
24.607,492
24.617,469
24.628,482
24.638,490
24.648,476
24.658,504
24.668,481
24.679,496
24.689,481
24.699,445
24.709,447
24.719,483
24.729,521
24.74,474
24.75,466
24.76,474
24.77,498
24.78,481
24.791,492
24.801,477
24.811,492
24.821,525
24.831,512
24.842,471
24.852,436
24.862,453
24.872,474
24.882,481
24.893,492
24.903,482
24.913,444
24.923,489
24.933,450
24.944,460
24.954,480
24.964,455
24.974,479
24.984,511
24.995,494
25.005,399
25.015,473
25.025,472
25.035,467
25.045,489
25.056,451
25.066,517
25.076,499
25.086,461
25.096,480
25.107,473
25.117,479
25.127,483
25.137,451
25.147,481
25.158,500
25.168,460
25.178,536
25.188,440
25.198,457
25.209,459
25.219,446
25.229,457
25.239,503
25.249,436
25.26,461
25.27,496
25.28,440
25.29,467
25.3,479
25.31,499
25.321,518
25.331,459
25.341,470
25.351,469
25.361,473
25.372,454
25.382,487
25.392,480
25.402,486
25.412,428
25.423,429
25.433,480
25.443,474
25.453,431
25.463,478
25.474,469
25.484,446
25.494,485
25.504,461
25.514,465
25.525,462
25.535,449
25.545,452
25.555,478
25.565,453
25.575,422
25.586,466
25.596,421
25.606,447
25.616,494
25.626,450
25.637,416
25.647,442
25.657,446
25.667,464
25.677,432
25.688,474
25.698,424
25.708,457
25.718,438
25.728,417
25.739,452
25.749,455
25.759,481
25.769,410
25.779,426
25.79,471
25.8,452
25.81,448
25.82,429
25.83,463
25.841,440
25.851,424
25.861,486
25.871,433
25.881,468
25.891,460
25.902,461
25.912,433
25.922,453
25.932,459
25.942,420
25.953,486
25.963,465
25.973,443
25.983,432
25.993,449
26.004,416
26.014,418
26.024,393
26.034,466
26.044,465
26.055,433
26.065,431
26.075,429
26.085,425
26.095,435
26.106,423
26.116,425
26.126,434
26.136,450
26.146,439
26.156,469
26.167,462
26.177,487
26.187,460
26.197,399
26.207,439
26.218,428
26.228,425
26.238,452
26.248,481
26.258,443
26.269,460
26.279,442
26.289,444
26.299,460
26.309,455
26.32,415
26.33,464
26.34,399
26.35,419
26.36,421
26.371,438
26.381,452
26.391,414
26.401,459
26.411,392
26.422,407
26.432,436
26.442,463
26.452,427
26.462,421
26.472,406
26.483,435
26.493,409
26.503,395
26.513,427
26.523,401
26.534,393
26.544,430
26.554,427
26.564,390
26.574,409
26.585,436
26.595,413
26.605,430
26.615,436
26.625,389
26.636,427
26.646,420
26.656,401
26.666,456
26.676,446
26.687,421
26.697,420
26.707,450
26.717,390
26.727,439
26.737,408
26.748,418
26.758,389
26.768,422
26.778,424
26.788,417
26.799,424
26.809,410
26.819,416
26.829,395
26.839,406
26.85,395
26.86,395
26.87,394
26.88,412
26.89,388
26.901,391
26.911,401
26.921,441
26.931,377
26.941,443
26.952,400
26.962,418
26.972,387
26.982,420
26.992,398
27.003,406
27.013,410
27.023,425
27.033,406
27.043,399
27.053,408
27.064,419
27.074,411
27.084,419
27.094,421
27.104,405
27.115,466
27.125,413
27.135,390
27.145,405
27.155,407
27.166,409
27.176,417
27.186,380
27.196,414
27.206,419
27.217,392
27.227,388
27.237,344
27.247,438
27.257,429
27.268,428
27.278,415
27.288,421
27.298,383
27.308,420
27.318,412
27.329,414
27.339,410
27.349,410
27.359,377
27.369,430
27.38,430
27.39,404
27.4,398
27.41,393
27.42,389
27.431,392
27.441,403
27.451,390
27.461,429
27.471,398
27.482,403
27.492,403
27.502,405
27.512,380
27.522,400
27.533,397
27.543,396
27.553,357
27.563,391
27.573,400
27.583,400
27.594,370
27.604,393
27.614,370
27.624,399
27.634,396
27.645,400
27.655,389
27.665,389
27.675,412
27.685,373
27.696,392
27.706,400
27.716,383
27.726,388
27.736,447
27.747,372
27.757,393
27.767,378
27.777,401
27.787,406
27.798,370
27.808,373
27.818,372
27.828,414
27.838,408
27.849,395
27.859,393
27.869,360
27.879,389
27.889,376
27.899,371
27.91,379
27.92,387
27.93,383
27.94,381
27.95,380
27.961,366
27.971,415
27.981,349
27.991,394
28.001,402
28.012,365
28.022,347
28.032,384
28.042,375
28.052,374
28.063,394
28.073,349
28.083,390
28.093,378
28.103,412
28.114,378
28.124,385
28.134,372
28.144,348
28.154,375
28.164,388
28.175,387
28.185,401
28.195,366
28.205,386
28.215,409
28.226,344
28.236,397
28.246,384
28.256,339
28.266,357
28.277,369
28.287,395
28.297,387
28.307,391
28.317,368
28.328,373
28.338,366
28.348,354
28.358,381
28.368,364
28.379,375
28.389,349
28.399,368
28.409,348
28.419,393
28.43,391
28.44,395
28.45,355
28.46,388
28.47,396
28.48,346
28.491,371
28.501,349
28.511,405
28.521,422
28.531,406
28.542,334
28.552,370
28.562,386
28.572,398
28.582,401
28.593,382
28.603,386
28.613,373
28.623,351
28.633,382
28.644,383
28.654,371
28.664,370
28.674,391
28.684,390
28.695,395
28.705,362
28.715,395
28.725,377
28.735,344
28.745,351
28.756,386
28.766,369
28.776,376
28.786,401
28.796,353
28.807,339
28.817,320
28.827,380
28.837,335
28.847,378
28.858,367
28.868,376
28.878,352
28.888,391
28.898,386
28.909,358
28.919,348
28.929,382
28.939,353
28.949,354
28.96,364
28.97,368
28.98,351
28.99,335
29,351
29.01,377
29.021,349
29.031,360
29.041,335
29.051,364
29.061,374
29.072,364
29.082,359
29.092,401
29.102,383
29.112,355
29.123,355
29.133,390
29.143,347
29.153,386
29.163,363
29.174,388
29.184,369
29.194,340
29.204,378
29.214,397
29.225,333
29.235,380
29.245,343
29.255,393
29.265,399
29.276,377
29.286,399
29.296,359
29.306,370
29.316,402
29.326,377
29.337,343
29.347,358
29.357,362
29.367,395
29.377,341
29.388,370
29.398,356
29.408,344
29.418,380
29.428,384
29.439,400
29.449,342
29.459,329
29.469,360
29.479,343
29.49,373
29.5,374
29.51,348
29.52,333
29.53,368
29.541,403
29.551,354
29.561,404
29.571,330
29.581,392
29.591,355
29.602,373
29.612,342
29.622,369
29.632,329
29.642,344
29.653,341
29.663,312
29.673,313
29.683,362
29.693,374
29.704,382
29.714,346
29.724,367
29.734,364
29.744,342
29.755,379
29.765,372
29.775,351
29.785,348
29.795,367
29.806,346
29.816,361
29.826,350
29.836,361
29.846,378
29.857,354
29.867,375
29.877,361
29.887,344
29.897,358
29.907,332
29.918,339
29.928,364
29.938,341
29.948,370
29.958,351
29.969,348
29.979,354
29.989,332
29.999,368
30.009,376
30.02,356
30.03,360
30.04,350
30.05,325
30.06,347
30.071,357
30.081,343
30.091,350
30.101,361
30.111,354
30.122,383
30.132,343
30.142,333
30.152,359
30.162,339
30.172,345
30.183,375
30.193,363
30.203,326
30.213,342
30.223,344
30.234,304
30.244,338
30.254,372
30.264,337
30.274,344
30.285,350
30.295,353
30.305,352
30.315,348
30.325,367
30.336,374
30.346,360
30.356,330
30.366,366
30.376,412
30.387,364
30.397,325
30.407,398
30.417,344
30.427,354
30.437,381
30.448,361
30.458,343
30.468,360
30.478,375
30.488,374
30.499,394
30.509,351
30.519,387
30.529,382
30.539,360
30.55,358
30.56,370
30.57,372
30.58,357
30.59,343
30.601,371
30.611,387
30.621,441
30.631,403
30.641,310
30.652,403
30.662,364
30.672,370
30.682,421
30.692,361
30.703,390
30.713,366
30.723,404
30.733,367
30.743,384
30.753,361
30.764,375
30.774,418
30.784,390
30.794,377
30.804,385
30.815,373
30.825,356
30.835,412
30.845,410
30.855,411
30.866,404
30.876,410
30.886,382
30.896,365
30.906,386
30.917,391
30.927,396
30.937,388
30.947,429
30.957,421
30.968,409
30.978,418
30.988,374
30.998,433
31.008,392
31.018,384
31.029,402
31.039,382
31.049,409
31.059,383
31.069,384
31.08,416
31.09,437
31.1,377
31.11,387
31.12,415
31.131,416
31.141,458
31.151,425
31.161,407
31.171,416
31.182,403
31.192,440
31.202,383
31.212,391
31.222,418
31.233,410
31.243,442
31.253,392
31.263,391
31.273,409
31.284,406
31.294,396
31.304,371
31.314,399
31.324,405
31.334,421
31.345,369
31.355,430
31.365,383
31.375,421
31.385,374
31.396,407
31.406,444
31.416,421
31.426,418
31.436,416
31.447,415
31.457,400
31.467,409
31.477,455
31.487,399
31.498,453
31.508,404
31.518,410
31.528,393
31.538,410
31.549,359
31.559,367
31.569,393
31.579,431
31.589,378
31.599,396
31.61,393
31.62,404
31.63,430
31.64,407
31.65,377
31.661,410
31.671,392
31.681,422
31.691,366
31.701,436
31.712,401
31.722,397
31.732,398
31.742,361
31.752,395
31.763,414
31.773,384
31.783,389
31.793,406
31.803,384
31.814,385
31.824,414
31.834,376
31.844,418
31.854,376
31.864,410
31.875,385
31.885,382
31.895,400
31.905,380
31.915,397
31.926,417
31.936,400
31.946,388
31.956,401
31.966,419
31.977,383
31.987,386
31.997,326
32.007,417
32.017,374
32.028,396
32.038,374
32.048,373
32.058,372
32.068,385
32.079,373
32.089,396
32.099,379
32.109,373
32.119,388
32.13,342
32.14,373
32.15,367
32.16,373
32.17,382
32.18,366
32.191,335
32.201,374
32.211,376
32.221,369
32.231,353
32.242,355
32.252,388
32.262,360
32.272,361
32.282,371
32.293,369
32.303,367
32.313,376
32.323,399
32.333,358
32.344,379
32.354,355
32.364,390
32.374,392
32.384,376
32.395,358
32.405,351
32.415,376
32.425,369
32.435,360
32.445,353
32.456,335
32.466,381
32.476,379
32.486,390
32.496,365
32.507,326
32.517,345
32.527,348
32.537,370
32.547,339
32.558,357
32.568,322
32.578,338
32.588,386
32.598,363
32.609,361
32.619,375
32.629,336
32.639,384
32.649,373
32.66,361
32.67,380
32.68,378
32.69,343
32.7,352
32.711,342
32.721,356
32.731,373
32.741,344
32.751,354
32.761,369
32.772,328
32.782,393
32.792,334
32.802,372
32.812,353
32.823,368
32.833,356
32.843,370
32.853,366
32.863,373
32.874,359
32.884,353
32.894,350
32.904,368
32.914,355
32.925,341
32.935,362
32.945,359
32.955,340
32.965,336
32.976,361
32.986,319
32.996,322
33.006,341
33.016,418
33.026,341
33.037,350
33.047,354
33.057,342
33.067,348
33.077,344
33.088,377
33.098,349
33.108,302
33.118,327
33.128,334
33.139,341
33.149,377
33.159,348
33.169,380
33.179,364
33.19,340
33.2,353
33.21,368
33.22,325
33.23,356
33.241,381
33.251,393
33.261,368
33.271,378
33.281,372
33.292,360
33.302,307
33.312,331
33.322,343
33.332,364
33.342,367
33.353,339
33.363,326
33.373,343
33.383,325
33.393,331
33.404,338
33.414,341
33.424,341
33.434,381
33.444,375
33.455,344
33.465,359
33.475,339
33.485,340
33.495,388
33.506,350
33.516,327
33.526,352
33.536,322
33.546,340
33.557,365
33.567,347
33.577,319
33.587,407
33.597,378
33.607,364
33.618,374
33.628,394
33.638,295
33.648,362
33.658,370
33.669,357
33.679,373
33.689,331
33.699,330
33.709,335
33.72,342
33.73,402
33.74,311
33.75,348
33.76,340
33.771,343
33.781,330
33.791,355
33.801,363
33.811,361
33.822,346
33.832,339
33.842,342
33.852,337
33.862,336
33.872,386
33.883,352
33.893,323
33.903,375
33.913,356
33.923,332
33.934,376
33.944,370
33.954,372
33.964,356
33.974,369
33.985,381
33.995,400
34.005,340
34.015,341
34.025,387
34.036,378
34.046,405
34.056,331
34.066,354
34.076,375
34.087,370
34.097,328
34.107,351
34.117,349
34.127,366
34.138,347
34.148,344
34.158,365
34.168,384
34.178,363
34.188,372
34.199,369
34.209,367
34.219,351
34.229,380
34.239,389
34.25,385
34.26,371
34.27,379
34.28,375
34.29,361
34.301,369
34.311,363
34.321,377
34.331,374
34.341,390
34.352,416
34.362,373
34.372,425
34.382,363
34.392,409
34.403,376
34.413,399
34.423,419
34.433,413
34.443,392
34.453,371
34.464,393
34.474,396
34.484,388
34.494,365
34.504,404
34.515,417
34.525,378
34.535,376
34.545,380
34.555,346
34.566,385
34.576,385
34.586,359
34.596,385
34.606,394
34.617,368
34.627,343
34.637,379
34.647,333
34.657,382
34.668,368
34.678,391
34.688,369
34.698,391
34.708,391
34.719,387
34.729,375
34.739,378
34.749,367
34.759,341
34.769,394
34.78,354
34.79,370
34.8,388
34.81,401
34.82,357
34.831,373
34.841,385
34.851,382
34.861,379
34.871,369
34.882,392
34.892,390
34.902,386
34.912,414
34.922,442
34.933,389
34.943,354
34.953,429
34.963,389
34.973,383
34.984,388
34.994,380
35.004,414
35.014,385
35.024,377
35.034,369
35.045,414
35.055,415
35.065,400
35.075,344
35.085,370
35.096,391
35.106,398
35.116,418
35.126,398
35.136,397
35.147,394
35.157,384
35.167,359
35.177,391
35.187,414
35.198,425
35.208,407
35.218,421
35.228,406
35.238,391
35.249,387
35.259,399
35.269,435
35.279,411
35.289,436
35.299,395
35.31,405
35.32,411
35.33,420
35.34,385
35.35,398
35.361,414
35.371,427
35.381,464
35.391,392
35.401,430
35.412,432
35.422,450
35.432,426
35.442,406
35.452,389
35.463,408
35.473,438
35.483,429
35.493,396
35.503,454
35.514,448
35.524,447
35.534,451
35.544,419
35.554,404
35.565,393
35.575,412
35.585,438
35.595,445
35.605,417
35.615,428
35.626,431
35.636,413
35.646,415
35.656,453
35.666,464
35.677,444
35.687,422
35.697,471
35.707,410
35.717,418
35.728,454
35.738,432
35.748,443
35.758,456
35.768,439
35.779,451
35.789,438
35.799,428
35.809,444
35.819,435
35.83,465
35.84,466
35.85,461
35.86,458
35.87,504
35.88,450
35.891,480
35.901,471
35.911,475
35.921,430
35.931,481
35.942,468
35.952,472
35.962,412
35.972,473
35.982,507
35.993,489
36.003,501
36.013,474
36.023,475
36.033,484
36.044,462
36.054,488
36.064,513
36.074,494
36.084,481
36.095,513
36.105,473
36.115,501
36.125,517
36.135,467
36.146,529
36.156,512
36.166,528
36.176,511
36.186,539
36.196,538
36.207,511
36.217,508
36.227,556
36.237,528
36.247,526
36.258,534
36.268,518
36.278,530
36.288,538
36.298,528
36.309,524
36.319,531
36.329,528
36.339,533
36.349,523
36.36,540
36.37,570
36.38,561
36.39,591
36.4,568
36.411,542
36.421,626
36.431,579
36.441,592
36.451,570
36.461,600
36.472,618
36.482,643
36.492,649
36.502,644
36.512,671
36.523,663
36.533,701
36.543,711
36.553,682
36.563,718
36.574,707
36.584,751
36.594,712
36.604,745
36.614,704
36.625,710
36.635,728
36.645,675
36.655,700
36.665,639
36.676,697
36.686,657
36.696,664
36.706,705
36.716,700
36.726,617
36.737,637
36.747,648
36.757,648
36.767,679
36.777,649
36.788,654
36.798,703
36.808,649
36.818,646
36.828,718
36.839,676
36.849,682
36.859,624
36.869,626
36.879,696
36.89,613
36.9,655
36.91,639
36.92,653
36.93,645
36.941,632
36.951,717
36.961,631
36.971,664
36.981,686
36.992,654
37.002,638
37.012,679
37.022,713
37.032,724
37.042,711
37.053,698
37.063,691
37.073,683
37.083,668
37.093,696
37.104,711
37.114,670
37.124,704
37.134,679
37.144,653
37.155,693
37.165,737
37.175,677
37.185,703
37.195,713
37.206,677
37.216,688
37.226,722
37.236,698
37.246,729
37.257,720
37.267,704
37.277,742
37.287,744
37.297,769
37.307,713
37.318,736
37.328,769
37.338,798
37.348,805
37.358,776
37.369,778
37.379,772
37.389,829
37.399,782
37.409,799
37.42,844
37.43,792
37.44,807
37.45,836
37.46,805
37.471,868
37.481,874
37.491,844
37.501,902
37.511,927
37.522,895
37.532,965
37.542,932
37.552,930
37.562,954
37.573,986
37.583,905
37.593,1002
37.603,960
37.613,1015
37.623,1033
37.634,980
37.644,1031
37.654,1095
37.664,1122
37.674,1157
37.685,1141
37.695,1139
37.705,1195
37.715,1209
37.725,1181
37.736,1284
37.746,1292
37.756,1293
37.766,1436
37.776,1410
37.787,1503
37.797,1483
37.807,1599
37.817,1653
37.827,1680
37.838,1706
37.848,1787
37.858,1811
37.868,1974
37.878,2070
37.888,2151
37.899,2220
37.909,2340
37.919,2491
37.929,2615
37.939,2903
37.95,2966
37.96,3235
37.97,3514
37.98,3723
37.99,3845
38.001,4138
38.011,4546
38.021,4782
38.031,5230
38.041,5725
38.052,6231
38.062,6529
38.072,7218
38.082,7935
38.092,8408
38.103,9392
38.113,10015
38.123,11045
38.133,11790
38.143,13059
38.154,14158
38.164,15443
38.174,16516
38.184,17723
38.194,18873
38.204,19766
38.215,20216
38.225,21009
38.235,21157
38.245,21057
38.255,21150
38.266,20739
38.276,20778
38.286,20136
38.296,19662
38.306,18918
38.317,18574
38.327,17548
38.337,16767
38.347,15947
38.357,14787
38.368,13630
38.378,12836
38.388,11893
38.398,11077
38.408,10035
38.419,9500
38.429,8594
38.439,7983
38.449,7373
38.459,6970
38.469,6249
38.48,5759
38.49,5262
38.5,5013
38.51,4598
38.52,4151
38.531,3926
38.541,3696
38.551,3414
38.561,3309
38.571,3029
38.582,2789
38.592,2652
38.602,2477
38.612,2370
38.622,2301
38.633,2029
38.643,2074
38.653,2027
38.663,1921
38.673,1899
38.684,1747
38.694,1658
38.704,1574
38.714,1608
38.724,1503
38.734,1516
38.745,1426
38.755,1398
38.765,1367
38.775,1298
38.785,1328
38.796,1201
38.806,1246
38.816,1185
38.826,1174
38.836,1147
38.847,1113
38.857,1098
38.867,1085
38.877,982
38.887,1049
38.898,950
38.908,1015
38.918,969
38.928,908
38.938,878
38.949,928
38.959,883
38.969,907
38.979,895
38.989,890
39,928
39.01,878
39.02,843
39.03,823
39.04,827
39.05,830
39.061,794
39.071,802
39.081,699
39.091,776
39.101,796
39.112,747
39.122,707
39.132,757
39.142,724
39.152,768
39.163,745
39.173,658
39.183,726
39.193,720
39.203,676
39.214,694
39.224,646
39.234,696
39.244,659
39.254,662
39.265,657
39.275,594
39.285,608
39.295,614
39.305,636
39.315,619
39.326,609
39.336,611
39.346,579
39.356,637
39.366,598
39.377,583
39.387,555
39.397,649
39.407,562
39.417,574
39.428,603
39.438,593
39.448,592
39.458,602
39.468,512
39.479,585
39.489,557
39.499,573
39.509,597
39.519,557
39.53,573
39.54,576
39.55,529
39.56,521
39.57,563
39.581,569
39.591,538
39.601,545
39.611,556
39.621,535
39.631,530
39.642,516
39.652,541
39.662,526
39.672,501
39.682,546
39.693,527
39.703,511
39.713,526
39.723,533
39.733,521
39.744,500
39.754,501
39.764,544
39.774,516
39.784,544
39.795,541
39.805,504
39.815,508
39.825,493
39.835,498
39.846,504
39.856,485
39.866,542
39.876,479
39.886,513
39.896,499
39.907,481
39.917,486
39.927,479
39.937,501
39.947,487
39.958,490
39.968,489
39.978,497
39.988,527
39.998,469
40.009,509
40.019,486
40.029,454
40.039,471
40.049,502
40.06,499
40.07,488
40.08,535
40.09,529
40.1,483
40.111,494
40.121,468
40.131,440
40.141,446
40.151,474
40.161,459
40.172,453
40.182,492
40.192,471
40.202,457
40.212,496
40.223,400
40.233,448
40.243,496
40.253,469
40.263,468
40.274,429
40.284,449
40.294,477
40.304,433
40.314,435
40.325,477
40.335,444
40.345,435
40.355,463
40.365,452
40.376,450
40.386,454
40.396,451
40.406,445
40.416,474
40.427,420
40.437,462
40.447,436
40.457,444
40.467,466
40.477,419
40.488,431
40.498,428
40.508,472
40.518,452
40.528,402
40.539,453
40.549,445
40.559,444
40.569,417
40.579,451
40.59,408
40.6,471
40.61,441
40.62,466
40.63,446
40.641,436
40.651,446
40.661,426
40.671,466
40.681,417
40.692,418
40.702,444
40.712,463
40.722,438
40.732,450
40.742,424
40.753,418
40.763,426
40.773,390
40.783,463
40.793,425
40.804,438
40.814,429
40.824,421
40.834,417
40.844,435
40.855,422
40.865,421
40.875,407
40.885,449
40.895,415
40.906,387
40.916,397
40.926,422
40.936,423
40.946,439
40.957,434
40.967,376
40.977,403
40.987,411
40.997,423
41.008,428
41.018,412
41.028,417
41.038,388
41.048,390
41.058,474
41.069,414
41.079,398
41.089,388
41.099,395
41.109,399
41.12,408
41.13,385
41.14,415
41.15,402
41.16,390
41.171,380
41.181,397
41.191,421
41.201,395
41.211,400
41.222,445
41.232,410
41.242,412
41.252,376
41.262,395
41.273,411
41.283,432
41.293,390
41.303,436
41.313,394
41.323,380
41.334,389
41.344,440
41.354,391
41.364,443
41.374,411
41.385,404
41.395,430
41.405,402
41.415,423
41.425,423
41.436,426
41.446,439
41.456,378
41.466,435
41.476,422
41.487,419
41.497,394
41.507,429
41.517,405
41.527,402
41.538,440
41.548,392
41.558,403
41.568,438
41.578,397
41.588,433
41.599,406
41.609,422
41.619,390
41.629,460
41.639,495
41.65,434
41.66,457
41.67,441
41.68,393
41.69,461
41.701,434
41.711,465
41.721,439
41.731,415
41.741,421
41.752,407
41.762,389
41.772,438
41.782,429
41.792,454
41.803,460
41.813,445
41.823,464
41.833,434
41.843,461
41.854,467
41.864,481
41.874,494
41.884,431
41.894,467
41.904,499
41.915,457
41.925,454
41.935,499
41.945,463
41.955,481
41.966,475
41.976,425
41.986,475
41.996,452
42.006,509
42.017,458
42.027,501
42.037,491
42.047,488
42.057,505
42.068,491
42.078,516
42.088,538
42.098,485
42.108,540
42.119,522
42.129,534
42.139,539
42.149,500
42.159,596
42.169,555
42.18,541
42.19,518
42.2,514
42.21,576
42.22,543
42.231,537
42.241,542
42.251,527
42.261,560
42.271,513
42.282,568
42.292,615
42.302,562
42.312,535
42.322,569
42.333,606
42.343,571
42.353,543
42.363,599
42.373,556
42.384,607
42.394,568
42.404,651
42.414,680
42.424,672
42.435,637
42.445,574
42.455,640
42.465,624
42.475,644
42.485,684
42.496,611
42.506,631
42.516,638
42.526,662
42.536,636
42.547,707
42.557,614
42.567,690
42.577,667
42.587,648
42.598,698
42.608,677
42.618,624
42.628,653
42.638,653
42.649,614
42.659,620
42.669,609
42.679,653
42.689,641
42.7,613
42.71,622
42.72,666
42.73,676
42.74,684
42.75,645
42.761,616
42.771,637
42.781,651
42.791,632
42.801,660
42.812,665
42.822,700
42.832,653
42.842,689
42.852,564
42.863,666
42.873,628
42.883,633
42.893,698
42.903,664
42.914,647
42.924,678
42.934,633
42.944,700
42.954,635
42.965,657
42.975,658
42.985,643
42.995,650
43.005,682
43.015,669
43.026,656
43.036,604
43.046,599
43.056,628
43.066,631
43.077,629
43.087,653
43.097,661
43.107,653
43.117,672
43.128,714
43.138,632
43.148,648
43.158,676
43.168,645
43.179,682
43.189,639
43.199,641
43.209,665
43.219,646
43.23,669
43.24,616
43.25,667
43.26,615
43.27,646
43.281,602
43.291,665
43.301,634
43.311,636
43.321,622
43.331,666
43.342,653
43.352,661
43.362,678
43.372,610
43.382,636
43.393,637
43.403,671
43.413,631
43.423,662
43.433,606
43.444,627
43.454,635
43.464,633
43.474,649
43.484,657
43.495,642
43.505,610
43.515,642
43.525,646
43.535,637
43.546,651
43.556,596
43.566,631
43.576,629
43.586,666
43.596,636
43.607,707
43.617,641
43.627,676
43.637,620
43.647,634
43.658,641
43.668,662
43.678,664
43.688,666
43.698,647
43.709,728
43.719,686
43.729,667
43.739,635
43.749,740
43.76,655
43.77,771
43.78,706
43.79,681
43.8,737
43.811,699
43.821,746
43.831,741
43.841,759
43.851,700
43.862,767
43.872,792
43.882,736
43.892,779
43.902,765
43.912,808
43.923,799
43.933,827
43.943,824
43.953,897
43.963,905
43.974,872
43.984,932
43.994,957
44.004,994
44.014,978
44.025,1010
44.035,1151
44.045,1086
44.055,1080
44.065,1173
44.076,1241
44.086,1222
44.096,1316
44.106,1381
44.116,1423
44.127,1511
44.137,1515
44.147,1626
44.157,1794
44.167,1805
44.177,1907
44.188,2000
44.198,2050
44.208,2285
44.218,2342
44.228,2543
44.239,2703
44.249,2920
44.259,3007
44.269,3233
44.279,3525
44.29,3784
44.3,3979
44.31,4282
44.32,4511
44.33,4911
44.341,5344
44.351,5672
44.361,6015
44.371,6490
44.381,6887
44.392,7110
44.402,7595
44.412,7814
44.422,8312
44.432,8396
44.443,8547
44.453,8693
44.463,8877
44.473,8729
44.483,8676
44.493,8622
44.504,8394
44.514,8276
44.524,8097
44.534,7940
44.544,7610
44.555,7436
44.565,7080
44.575,6789
44.585,6488
44.595,6054
44.606,5853
44.616,5480
44.626,5143
44.636,4933
44.646,4549
44.657,4197
44.667,3905
44.677,3715
44.687,3440
44.697,3252
44.708,3115
44.718,2801
44.728,2707
44.738,2364
44.748,2356
44.758,2108
44.769,2057
44.779,1792
44.789,1838
44.799,1625
44.809,1585
44.82,1533
44.83,1478
44.84,1356
44.85,1252
44.86,1194
44.871,1164
44.881,1063
44.891,1053
44.901,1061
44.911,1030
44.922,955
44.932,884
44.942,887
44.952,871
44.962,841
44.973,819
44.983,785
44.993,770
45.003,802
45.013,772
45.023,702
45.034,655
45.044,651
45.054,674
45.064,624
45.074,656
45.085,626
45.095,600
45.105,629
45.115,566
45.125,557
45.136,565
45.146,585
45.156,533
45.166,512
45.176,572
45.187,503
45.197,438
45.207,470
45.217,500
45.227,488
45.238,480
45.248,508
45.258,479
45.268,463
45.278,448
45.289,451
45.299,415
45.309,479
45.319,438
45.329,429
45.339,436
45.35,415
45.36,404
45.37,407
45.38,431
45.39,398
45.401,391
45.411,406
45.421,390
45.431,403
45.441,378
45.452,354
45.462,360
45.472,393
45.482,356
45.492,379
45.503,374
45.513,375
45.523,347
45.533,384
45.543,363
45.554,364
45.564,357
45.574,347
45.584,322
45.594,337
45.604,303
45.615,315
45.625,338
45.635,350
45.645,310
45.655,330
45.666,330
45.676,334
45.686,325
45.696,337
45.706,330
45.717,338
45.727,320
45.737,301
45.747,309
45.757,295
45.768,334
45.778,337
45.788,291
45.798,297
45.808,304
45.819,339
45.829,271
45.839,319
45.849,303
45.859,288
45.87,279
45.88,298
45.89,294
45.9,292
45.91,294
45.92,288
45.931,289
45.941,294
45.951,266
45.961,324
45.971,278
45.982,304
45.992,260
46.002,271
46.012,258
46.022,261
46.033,320
46.043,271
46.053,294
46.063,271
46.073,259
46.084,271
46.094,280
46.104,269
46.114,251
46.124,266
46.135,250
46.145,274
46.155,243
46.165,235
46.175,283
46.185,268
46.196,263
46.206,249
46.216,249
46.226,255
46.236,272
46.247,247
46.257,249
46.267,244
46.277,292
46.287,270
46.298,274
46.308,266
46.318,266
46.328,273
46.338,259
46.349,238
46.359,262
46.369,235
46.379,234
46.389,230
46.4,259
46.41,245
46.42,278
46.43,238
46.44,244
46.45,266
46.461,249
46.471,259
46.481,249
46.491,225
46.501,281
46.512,235
46.522,256
46.532,221
46.542,244
46.552,244
46.563,245
46.573,263
46.583,237
46.593,235
46.603,237
46.614,231
46.624,221
46.634,238
46.644,231
46.654,259
46.665,213
46.675,259
46.685,229
46.695,253
46.705,253
46.716,251
46.726,223
46.736,244
46.746,233
46.756,216
46.766,207
46.777,222
46.787,232
46.797,196
46.807,239
46.817,210
46.828,227
46.838,226
46.848,240
46.858,221
46.868,252
46.879,232
46.889,226
46.899,226
46.909,226
46.919,215
46.93,235
46.94,239
46.95,214
46.96,212
46.97,208
46.981,219
46.991,211
47.001,207
47.011,226
47.021,219
47.031,224
47.042,216
47.052,246
47.062,229
47.072,235
47.082,210
47.093,205
47.103,224
47.113,226
47.123,205
47.133,231
47.144,221
47.154,194
47.164,219
47.174,206
47.184,237
47.195,173
47.205,182
47.215,220
47.225,234
47.235,237
47.246,203
47.256,242
47.266,180
47.276,194
47.286,199
47.297,203
47.307,213
47.317,248
47.327,212
47.337,211
47.347,199
47.358,210
47.368,207
47.378,204
47.388,204
47.398,212
47.409,209
47.419,168
47.429,202
47.439,221
47.449,187
47.46,205
47.47,222
47.48,183
47.49,211
47.5,184
47.511,195
47.521,214
47.531,220
47.541,209
47.551,200
47.562,208
47.572,211
47.582,181
47.592,197
47.602,205
47.612,206
47.623,188
47.633,177
47.643,192
47.653,203
47.663,189
47.674,196
47.684,205
47.694,215
47.704,195
47.714,189
47.725,191
47.735,207
47.745,208
47.755,199
47.765,186
47.776,183
47.786,190
47.796,196
47.806,177
47.816,182
47.827,197
47.837,193
47.847,200
47.857,184
47.867,208
47.877,201
47.888,194
47.898,198
47.908,174
47.918,180
47.928,185
47.939,191
47.949,191
47.959,172
47.969,175
47.979,200
47.99,180
48,192
48.01,211
48.02,194
48.03,187
48.041,182
48.051,158
48.061,204
48.071,194
48.081,157
48.092,221
48.102,187
48.112,205
48.122,205
48.132,192
48.143,181
48.153,204
48.163,197
48.173,217
48.183,175
48.193,174
48.204,196
48.214,194
48.224,179
48.234,188
48.244,180
48.255,206
48.265,187
48.275,167
48.285,190
48.295,189
48.306,203
48.316,182
48.326,185
48.336,197
48.346,191
48.357,184
48.367,198
48.377,194
48.387,196
48.397,189
48.408,198
48.418,188
48.428,189
48.438,208
48.448,184
48.458,176
48.469,212
48.479,196
48.489,168
48.499,178
48.509,199
48.52,179
48.53,176
48.54,180
48.55,233
48.56,183
48.571,188
48.581,154
48.591,167
48.601,185
48.611,178
48.622,184
48.632,191
48.642,156
48.652,195
48.662,171
48.673,191
48.683,192
48.693,178
48.703,154
48.713,194
48.724,184
48.734,170
48.744,192
48.754,185
48.764,203
48.774,179
48.785,163
48.795,151
48.805,196
48.815,182
48.825,204
48.836,177
48.846,189
48.856,187
48.866,189
48.876,180
48.887,165
48.897,157
48.907,195
48.917,158
48.927,189
48.938,156
48.948,209
48.958,172
48.968,180
48.978,185
48.989,177
48.999,175
49.009,167
49.019,178
49.029,167
49.039,180
49.05,178
49.06,179
49.07,178
49.08,184
49.09,169
49.101,163
49.111,173
49.121,186
49.131,183
49.141,164
49.152,193
49.162,170
49.172,155
49.182,149
49.192,170
49.203,179
49.213,179
49.223,177
49.233,162
49.243,160
49.254,160
49.264,170
49.274,170
49.284,163
49.294,170
49.304,167
49.315,185
49.325,191
49.335,158
49.345,163
49.355,191
49.366,170
49.376,163
49.386,178
49.396,175
49.406,179
49.417,190
49.427,182
49.437,165
49.447,174
49.457,163
49.468,150
49.478,149
49.488,149
49.498,173
49.508,185
49.519,157
49.529,185
49.539,183
49.549,171
49.559,195
49.57,166
49.58,183
49.59,150
49.6,176
49.61,179
49.62,183
49.631,170
49.641,160
49.651,141
49.661,183
49.671,175
49.682,169
49.692,167
49.702,166
49.712,149
49.722,168
49.733,175
49.743,183
49.753,180
49.763,182
49.773,176
49.784,155
49.794,163
49.804,168
49.814,171
49.824,169
49.835,180
49.845,146
49.855,147
49.865,159
49.875,156
49.885,176
49.896,176
49.906,172
49.916,165
49.926,180
49.936,156
49.947,166
49.957,153
49.967,174
49.977,189
49.987,184
49.998,177
50.008,172
50.018,140
50.028,185
50.038,182
50.049,173
50.059,172
50.069,156
50.079,133
50.089,150
50.1,182
50.11,168
50.12,145
50.13,143
50.14,142
50.151,164
50.161,156
50.171,172
50.181,187
50.191,165
50.201,150
50.212,146
50.222,143
50.232,187
50.242,172
50.252,157
50.263,145
50.273,164
50.283,181
50.293,174
50.303,159
50.314,159
50.324,159
50.334,128
50.344,183
50.354,170
50.365,161
50.375,152
50.385,164
50.395,166
50.405,167
50.416,170
50.426,159
50.436,136
50.446,172
50.456,135
50.466,153
50.477,151
50.487,167
50.497,158
50.507,133
50.517,152
50.528,178
50.538,155
50.548,151
50.558,180
50.568,164
50.579,153
50.589,172
50.599,176
50.609,157
50.619,161
50.63,169
50.64,162
50.65,166
50.66,158
50.67,129
50.681,164
50.691,150
50.701,164
50.711,169
50.721,159
50.732,158
50.742,194
50.752,149
50.762,155
50.772,141
50.782,150
50.793,165
50.803,159
50.813,156
50.823,162
50.833,149
50.844,166
50.854,172
50.864,143
50.874,153
50.884,161
50.895,145
50.905,165
50.915,133
50.925,155
50.935,136
50.946,167
50.956,150
50.966,140
50.976,145
50.986,168
50.997,143
51.007,161
51.017,161
51.027,143
51.037,156
51.047,133
51.058,140
51.068,168
51.078,141
51.088,157
51.098,128
51.109,145
51.119,145
51.129,157
51.139,145
51.149,150
51.16,181
51.17,142
51.18,143
51.19,151
51.2,171
51.211,156
51.221,162
51.231,154
51.241,149
51.251,134
51.262,149
51.272,139
51.282,140
51.292,160
51.302,142
51.312,144
51.323,158
51.333,138
51.343,143
51.353,153
51.363,163
51.374,151
51.384,171
51.394,148
51.404,135
51.414,152
51.425,152
51.435,148
51.445,150
51.455,132
51.465,148
51.476,146
51.486,139
51.496,140
51.506,162
51.516,161
51.527,153
51.537,149
51.547,138
51.557,164
51.567,124
51.578,152
51.588,149
51.598,131
51.608,148
51.618,169
51.628,157
51.639,154
51.649,146
51.659,140
51.669,175
51.679,159
51.69,119
51.7,157
51.71,133
51.72,149
51.73,172
51.741,151
51.751,142
51.761,142
51.771,135
51.781,136
51.792,151
51.802,147
51.812,156
51.822,147
51.832,123
51.843,167
51.853,153
51.863,157
51.873,149
51.883,146
51.893,140
51.904,138
51.914,181
51.924,127
51.934,118
51.944,140
51.955,133
51.965,158
51.975,162
51.985,147
51.995,148
52.006,130
52.016,139
52.026,129
52.036,133
52.046,167
52.057,150
52.067,136
52.077,148
52.087,160
52.097,162
52.108,139
52.118,158
52.128,164
52.138,162
52.148,154
52.159,154
52.169,145
52.179,157
52.189,141
52.199,137
52.209,134
52.22,151
52.23,160
52.24,172
52.25,150
52.26,157
52.271,148
52.281,169
52.291,137
52.301,135
52.311,151
52.322,152
52.332,164
52.342,156
52.352,140
52.362,170
52.373,122
52.383,157
52.393,154
52.403,154
52.413,145
52.424,142
52.434,168
52.444,121
52.454,149
52.464,141
52.474,158
52.485,156
52.495,171
52.505,147
52.515,175
52.525,139
52.536,134
52.546,146
52.556,139
52.566,144
52.576,152
52.587,164
52.597,165
52.607,141
52.617,142
52.627,138
52.638,142
52.648,132
52.658,133
52.668,155
52.678,157
52.689,117
52.699,161
52.709,142
52.719,151
52.729,178
52.739,147
52.75,148
52.76,160
52.77,155
52.78,153
52.79,136
52.801,154
52.811,164
52.821,127
52.831,148
52.841,155
52.852,143
52.862,137
52.872,140
52.882,146
52.892,140
52.903,137
52.913,144
52.923,162
52.933,137
52.943,163
52.954,135
52.964,124
52.974,172
52.984,124
52.994,126
53.005,159
53.015,170
53.025,148
53.035,139
53.045,150
53.055,153
53.066,152
53.076,147
53.086,145
53.096,136
53.106,141
53.117,154
53.127,145
53.137,134
53.147,155
53.157,131
53.168,151
53.178,155
53.188,142
53.198,123
53.208,154
53.219,148
53.229,129
53.239,152
53.249,139
53.259,152
53.27,145
53.28,150
53.29,138
53.3,137
53.31,141
53.32,166
53.331,146
53.341,128
53.351,155
53.361,147
53.371,143
53.382,153
53.392,156
53.402,174
53.412,143
53.422,148
53.433,149
53.443,150
53.453,152
53.463,154
53.473,157
53.484,167
53.494,125
53.504,154
53.514,158
53.524,146
53.535,146
53.545,144
53.555,159
53.565,151
53.575,137
53.586,126
53.596,149
53.606,151
53.616,149
53.626,134
53.636,144
53.647,159
53.657,143
53.667,131
53.677,166
53.687,168
53.698,147
53.708,146
53.718,158
53.728,138
53.738,148
53.749,171
53.759,147
53.769,128
53.779,135
53.789,158
53.8,133
53.81,148
53.82,139
53.83,164
53.84,142
53.851,139
53.861,143
53.871,161
53.881,147
53.891,158
53.901,146
53.912,140
53.922,152
53.932,146
53.942,153
53.952,131
53.963,160
53.973,155
53.983,153
53.993,152
54.003,172
54.014,164
54.024,157
54.034,159
54.044,177
54.054,160
54.065,167
54.075,146
54.085,157
54.095,171
54.105,170
54.116,144
54.126,168
54.136,183
54.146,165
54.156,141
54.166,160
54.177,133
54.187,172
54.197,142
54.207,145
54.217,140
54.228,168
54.238,147
54.248,152
54.258,162
54.268,174
54.279,154
54.289,166
54.299,174
54.309,158
54.319,155
54.33,160
54.34,149
54.35,145
54.36,139
54.37,174
54.381,171
54.391,175
54.401,158
54.411,137
54.421,179
54.432,170
54.442,170
54.452,169
54.462,186
54.472,178
54.482,182
54.493,186
54.503,180
54.513,185
54.523,179
54.533,204
54.544,195
54.554,190
54.564,163
54.574,178
54.584,146
54.595,184
54.605,207
54.615,187
54.625,169
54.635,196
54.646,196
54.656,189
54.666,198
54.676,183
54.686,174
54.697,202
54.707,221
54.717,229
54.727,200
54.737,194
54.747,209
54.758,206
54.768,236
54.778,226
54.788,210
54.798,201
54.809,211
54.819,219
54.829,204
54.839,204
54.849,213
54.86,186
54.87,242
54.88,209
54.89,211
54.9,222
54.911,201
54.921,213
54.931,190
54.941,204
54.951,212
54.962,245
54.972,249
54.982,193
54.992,220
55.002,217
55.013,231
55.023,211
55.033,221
55.043,228
55.053,207
55.063,194
55.074,203
55.084,199
55.094,206
55.104,238
55.114,224
55.125,196
55.135,212
55.145,205
55.155,223
55.165,192
55.176,197
55.186,203
55.196,193
55.206,195
55.216,199
55.227,222
55.237,207
55.247,190
55.257,196
55.267,194
55.278,167
55.288,197
55.298,186
55.308,179
55.318,191
55.328,208
55.339,206
55.349,203
55.359,230
55.369,166
55.379,171
55.39,200
55.4,211
55.41,181
55.42,178
55.43,187
55.441,168
55.451,167
55.461,166
55.471,158
55.481,172
55.492,149
55.502,184
55.512,166
55.522,159
55.532,169
55.543,170
55.553,162
55.563,176
55.573,183
55.583,172
55.593,163
55.604,169
55.614,169
55.624,153
55.634,170
55.644,181
55.655,166
55.665,156
55.675,134
55.685,132
55.695,153
55.706,164
55.716,162
55.726,166
55.736,150
55.746,171
55.757,155
55.767,145
55.777,135
55.787,149
55.797,156
55.808,175
55.818,159
55.828,142
55.838,159
55.848,162
55.859,152
55.869,145
55.879,153
55.889,140
55.899,148
55.909,149
55.92,148
55.93,140
55.94,147
55.95,161
55.96,149
55.971,156
55.981,155
55.991,147
56.001,145
56.011,163
56.022,149
56.032,148
56.042,153
56.052,146
56.062,160
56.073,138
56.083,164
56.093,147
56.103,152
56.113,143
56.124,156
56.134,151
56.144,133
56.154,156
56.164,172
56.174,159
56.185,132
56.195,146
56.205,146
56.215,133
56.225,134
56.236,123
56.246,137
56.256,138
56.266,169
56.276,132
56.287,177
56.297,163
56.307,125
56.317,149
56.327,147
56.338,161
56.348,151
56.358,137
56.368,146
56.378,138
56.389,129
56.399,133
56.409,141
56.419,129
56.429,123
56.44,135
56.45,150
56.46,142
56.47,129
56.48,139
56.49,159
56.501,141
56.511,131
56.521,142
56.531,144
56.541,138
56.552,155
56.562,144
56.572,126
56.582,111
56.592,147
56.603,144
56.613,139
56.623,147
56.633,129
56.643,144
56.654,137
56.664,168
56.674,150
56.684,140
56.694,145
56.705,139
56.715,130
56.725,137
56.735,140
56.745,125
56.755,139
56.766,134
56.776,128
56.786,124
56.796,142
56.806,156
56.817,146
56.827,131
56.837,151
56.847,128
56.857,148
56.868,141
56.878,137
56.888,128
56.898,130
56.908,134
56.919,167
56.929,127
56.939,157
56.949,139
56.959,125
56.97,156
56.98,153
56.99,144
57,128
57.01,124
57.021,136
57.031,129
57.041,138
57.051,162
57.061,139
57.071,159
57.082,162
57.092,140
57.102,127
57.112,130
57.122,144
57.133,135
57.143,150
57.153,134
57.163,148
57.173,127
57.184,153
57.194,132
57.204,161
57.214,117
57.224,149
57.235,136
57.245,133
57.255,136
57.265,112
57.275,145
57.286,132
57.296,122
57.306,139
57.316,126
57.326,129
57.336,133
57.347,119
57.357,144
57.367,157
57.377,164
57.387,136
57.398,134
57.408,143
57.418,141
57.428,140
57.438,132
57.449,143
57.459,141
57.469,139
57.479,122
57.489,159
57.5,151
57.51,124
57.52,124
57.53,153
57.54,126
57.551,148
57.561,133
57.571,141
57.581,135
57.591,154
57.601,158
57.612,158
57.622,160
57.632,122
57.642,148
57.652,160
57.663,153
57.673,121
57.683,148
57.693,144
57.703,156
57.714,123
57.724,145
57.734,145
57.744,141
57.754,124
57.765,157
57.775,130
57.785,148
57.795,122
57.805,129
57.816,134
57.826,120
57.836,154
57.846,145
57.856,146
57.867,145
57.877,139
57.887,115
57.897,186
57.907,158
57.917,160
57.928,137
57.938,125
57.948,137
57.958,158
57.968,150
57.979,145
57.989,142
57.999,152
58.009,132
58.019,144
58.03,139
58.04,132
58.05,152
58.06,167
58.07,169
58.081,145
58.091,150
58.101,149
58.111,147
58.121,143
58.132,140
58.142,136
58.152,141
58.162,158
58.172,144
58.182,153
58.193,155
58.203,140
58.213,126
58.223,140
58.233,162
58.244,126
58.254,147
58.264,155
58.274,150
58.284,137
58.295,142
58.305,134
58.315,138
58.325,136
58.335,143
58.346,122
58.356,141
58.366,144
58.376,130
58.386,129
58.397,142
58.407,145
58.417,154
58.427,136
58.437,160
58.448,121
58.458,137
58.468,150
58.478,140
58.488,131
58.498,154
58.509,141
58.519,137
58.529,138
58.539,150
58.549,142
58.56,144
58.57,144
58.58,138
58.59,139
58.6,142
58.611,141
58.621,163
58.631,147
58.641,127
58.651,163
58.662,144
58.672,152
58.682,126
58.692,136
58.702,144
58.713,136
58.723,128
58.733,126
58.743,133
58.753,132
58.763,161
58.774,143
58.784,147
58.794,154
58.804,146
58.814,129
58.825,148
58.835,136
58.845,137
58.855,152
58.865,142
58.876,158
58.886,152
58.896,150
58.906,153
58.916,140
58.927,155
58.937,141
58.947,163
58.957,134
58.967,155
58.978,160
58.988,137
58.998,148
59.008,152
59.018,156
59.028,149
59.039,142
59.049,151
59.059,154
59.069,161
59.079,122
59.09,133
59.1,140
59.11,165
59.12,146
59.13,144
59.141,137
59.151,133
59.161,143
59.171,152
59.181,142
59.192,167
59.202,149
59.212,153
59.222,161
59.232,146
59.243,156
59.253,127
59.263,162
59.273,138
59.283,156
59.294,166
59.304,151
59.314,146
59.324,151
59.334,147
59.344,148
59.355,170
59.365,166
59.375,140
59.385,155
59.395,175
59.406,150
59.416,167
59.426,157
59.436,172
59.446,159
59.457,145
59.467,141
59.477,116
59.487,156
59.497,148
59.508,153
59.518,147
59.528,160
59.538,139
59.548,155
59.559,167
59.569,160
59.579,166
59.589,175
59.599,149
59.609,150
59.62,173
59.63,164
59.64,171
59.65,137
59.66,174
59.671,148
59.681,163
59.691,176
59.701,160
59.711,146
59.722,151
59.732,159
59.742,161
59.752,164
59.762,154
59.773,180
59.783,172
59.793,171
59.803,171
59.813,176
59.824,171
59.834,176
59.844,158
59.854,158
59.864,150
59.875,145
59.885,138
59.895,158
59.905,166
59.915,162
59.925,159
59.936,194
59.946,152
59.956,183
59.966,172
59.976,169
59.987,188
59.997,175
60.007,136
60.017,177
60.027,184
60.038,158
60.048,167
60.058,159
60.068,171
60.078,164
60.089,174
60.099,173
60.109,160
60.119,190
60.129,206
60.14,179
60.15,186
60.16,178
60.17,214
60.18,199
60.19,149
60.201,184
60.211,190
60.221,159
60.231,159
60.241,169
60.252,199
60.262,157
60.272,195
60.282,180
60.292,165
60.303,187
60.313,172
60.323,149
60.333,165
60.343,182
60.354,159
60.364,183
60.374,165
60.384,194
60.394,172
60.405,184
60.415,176
60.425,164
60.435,161
60.445,176
60.455,177
60.466,167
60.476,178
60.486,169
60.496,185
60.506,175
60.517,183
60.527,164
60.537,197
60.547,198
60.557,205
60.568,160
60.578,175
60.588,169
60.598,177
60.608,175
60.619,192
60.629,208
60.639,217
60.649,198
60.659,203
60.67,180
60.68,185
60.69,184
60.7,196
60.71,188
60.721,181
60.731,204
60.741,192
60.751,214
60.761,204
60.771,191
60.782,204
60.792,192
60.802,195
60.812,192
60.822,206
60.833,188
60.843,202
60.853,194
60.863,216
60.873,189
60.884,200
60.894,212
60.904,212
60.914,221
60.924,202
60.935,213
60.945,193
60.955,220
60.965,197
60.975,220
60.986,229
60.996,206
61.006,187
61.016,199
61.026,197
61.036,190
61.047,229
61.057,225
61.067,231
61.077,230
61.087,221
61.098,217
61.108,217
61.118,214
61.128,210
61.138,215
61.149,224
61.159,217
61.169,209
61.179,219
61.189,211
61.2,229
61.21,214
61.22,225
61.23,234
61.24,214
61.251,239
61.261,211
61.271,223
61.281,214
61.291,224
61.302,247
61.312,255
61.322,221
61.332,212
61.342,280
61.352,233
61.363,251
61.373,218
61.383,244
61.393,246
61.403,249
61.414,241
61.424,243
61.434,288
61.444,249
61.454,252
61.465,227
61.475,284
61.485,266
61.495,257
61.505,235
61.516,258
61.526,245
61.536,263
61.546,245
61.556,275
61.567,246
61.577,268
61.587,273
61.597,265
61.607,276
61.617,290
61.628,308
61.638,273
61.648,287
61.658,256
61.668,297
61.679,313
61.689,304
61.699,301
61.709,322
61.719,281
61.73,290
61.74,301
61.75,289
61.76,302
61.77,276
61.781,335
61.791,276
61.801,306
61.811,291
61.821,298
61.832,295
61.842,310
61.852,285
61.862,294
61.872,301
61.882,281
61.893,285
61.903,317
61.913,314
61.923,273
61.933,286
61.944,286
61.954,293
61.964,277
61.974,303
61.984,303
61.995,334
62.005,311
62.015,308
62.025,353
62.035,285
62.046,334
62.056,307
62.066,312
62.076,287
62.086,330
62.097,310
62.107,337
62.117,300
62.127,281
62.137,312
62.148,312
62.158,305
62.168,315
62.178,305
62.188,305
62.198,291
62.209,313
62.219,306
62.229,301
62.239,339
62.249,306
62.26,273
62.27,326
62.28,308
62.29,311
62.3,315
62.311,323
62.321,310
62.331,321
62.341,319
62.351,304
62.362,336
62.372,282
62.382,307
62.392,323
62.402,353
62.413,293
62.423,353
62.433,318
62.443,331
62.453,325
62.463,293
62.474,335
62.484,305
62.494,342
62.504,298
62.514,322
62.525,364
62.535,318
62.545,310
62.555,314
62.565,284
62.576,341
62.586,324
62.596,298
62.606,322
62.616,300
62.627,301
62.637,308
62.647,305
62.657,309
62.667,299
62.678,328
62.688,345
62.698,296
62.708,320
62.718,302
62.729,328
62.739,305
62.749,319
62.759,296
62.769,317
62.779,316
62.79,341
62.8,288
62.81,291
62.82,282
62.83,286
62.841,266
62.851,322
62.861,292
62.871,317
62.881,318
62.892,300
62.902,315
62.912,319
62.922,289
62.932,304
62.943,301
62.953,302
62.963,325
62.973,280
62.983,276
62.994,312
63.004,304
63.014,309
63.024,311
63.034,296
63.044,293
63.055,283
63.065,326
63.075,290
63.085,289
63.095,318
63.106,275
63.116,295
63.126,284
63.136,297
63.146,280
63.157,266
63.167,283
63.177,264
63.187,301
63.197,282
63.208,285
63.218,319
63.228,304
63.238,251
63.248,298
63.259,252
63.269,296
63.279,304
63.289,260
63.299,288
63.31,253
63.32,295
63.33,286
63.34,292
63.35,299
63.36,269
63.371,263
63.381,302
63.391,244
63.401,275
63.411,280
63.422,257
63.432,311
63.442,298
63.452,273
63.462,299
63.473,274
63.483,268
63.493,248
63.503,263
63.513,300
63.524,279
63.534,285
63.544,279
63.554,295
63.564,298
63.575,274
63.585,278
63.595,281
63.605,317
63.615,310
63.625,274
63.636,294
63.646,287
63.656,288
63.666,300
63.676,304
63.687,302
63.697,275
63.707,292
63.717,288
63.727,276
63.738,283
63.748,272
63.758,323
63.768,312
63.778,310
63.789,314
63.799,300
63.809,307
63.819,306
63.829,327
63.84,290
63.85,306
63.86,314
63.87,336
63.88,311
63.89,316
63.901,338
63.911,321
63.921,325
63.931,336
63.941,330
63.952,360
63.962,338
63.972,312
63.982,351
63.992,331
64.003,346
64.013,360
64.023,344
64.033,344
64.043,367
64.054,391
64.064,376
64.074,398
64.084,401
64.094,429
64.105,455
64.115,430
64.125,410
64.135,427
64.145,438
64.156,500
64.166,490
64.176,504
64.186,525
64.196,509
64.206,485
64.217,554
64.227,543
64.237,601
64.247,569
64.257,603
64.268,588
64.278,652
64.288,628
64.298,718
64.308,700
64.319,759
64.329,820
64.339,813
64.349,822
64.359,858
64.37,887
64.38,953
64.39,1001
64.4,1039
64.41,1080
64.421,1196
64.431,1182
64.441,1309
64.451,1319
64.461,1360
64.471,1503
64.482,1533
64.492,1588
64.502,1738
64.512,1866
64.522,1966
64.533,2066
64.543,2175
64.553,2298
64.563,2445
64.573,2496
64.584,2762
64.594,2768
64.604,3061
64.614,3205
64.624,3362
64.635,3338
64.645,3546
64.655,3679
64.665,3705
64.675,3920
64.686,3897
64.696,3935
64.706,3904
64.716,3935
64.726,3816
64.737,3888
64.747,3717
64.757,3643
64.767,3701
64.777,3660
64.787,3576
64.798,3594
64.808,3485
64.818,3472
64.828,3371
64.838,3280
64.849,3101
64.859,3175
64.869,2978
64.879,2921
64.889,2819
64.9,2704
64.91,2681
64.92,2561
64.93,2536
64.94,2360
64.951,2197
64.961,2176
64.971,2046
64.981,1923
64.991,1826
65.002,1762
65.012,1644
65.022,1544
65.032,1483
65.042,1375
65.052,1334
65.063,1305
65.073,1159
65.083,1094
65.093,1170
65.103,1036
65.114,993
65.124,934
65.134,950
65.144,862
65.154,829
65.165,806
65.175,767
65.185,737
65.195,773
65.205,678
65.216,655
65.226,600
65.236,652
65.246,572
65.256,623
65.267,589
65.277,580
65.287,504
65.297,486
65.307,500
65.317,464
65.328,458
65.338,459
65.348,458
65.358,433
65.368,412
65.379,406
65.389,419
65.399,439
65.409,404
65.419,370
65.43,393
65.44,368
65.45,331
65.46,352
65.47,374
65.481,340
65.491,336
65.501,378
65.511,320
65.521,327
65.532,316
65.542,342
65.552,314
65.562,318
65.572,315
65.583,298
65.593,328
65.603,302
65.613,294
65.623,274
65.633,287
65.644,305
65.654,310
65.664,288
65.674,278
65.684,288
65.695,277
65.705,275
65.715,282
65.725,269
65.735,309
65.746,296
65.756,259
65.766,311
65.776,265
65.786,266
65.797,259
65.807,246
65.817,256
65.827,272
65.837,234
65.848,242
65.858,287
65.868,249
65.878,245
65.888,280
65.898,242
65.909,262
65.919,246
65.929,232
65.939,224
65.949,230
65.96,256
65.97,263
65.98,216
65.99,245
66,251
66.011,231
66.021,239
66.031,234
66.041,233
66.051,219
66.062,259
66.072,215
66.082,219
66.092,242
66.102,241
66.113,223
66.123,225
66.133,212
66.143,230
66.153,233
66.164,207
66.174,236
66.184,250
66.194,240
66.204,184
66.214,185
66.225,242
66.235,205
66.245,210
66.255,221
66.265,175
66.276,200
66.286,210
66.296,203
66.306,222
66.316,195
66.327,216
66.337,186
66.347,207
66.357,208
66.367,212
66.378,192
66.388,199
66.398,180
66.408,213
66.418,191
66.429,198
66.439,224
66.449,232
66.459,221
66.469,193
66.479,205
66.49,193
66.5,190
66.51,215
66.52,220
66.53,196
66.541,206
66.551,213
66.561,196
66.571,199
66.581,195
66.592,196
66.602,181
66.612,192
66.622,188
66.632,194
66.643,198
66.653,214
66.663,174
66.673,200
66.683,182
66.694,195
66.704,192
66.714,182
66.724,192
66.734,197
66.744,164
66.755,180
66.765,195
66.775,207
66.785,180
66.795,189
66.806,212
66.816,199
66.826,174
66.836,175
66.846,201
66.857,182
66.867,185
66.877,184
66.887,179
66.897,197
66.908,176
66.918,183
66.928,164
66.938,183
66.948,175
66.959,168
66.969,183
66.979,174
66.989,175
66.999,191
67.01,201
67.02,166
67.03,179
67.04,190
67.05,200
67.06,178
67.071,189
67.081,166
67.091,159
67.101,160
67.111,173
67.122,175
67.132,185
67.142,205
67.152,152
67.162,180
67.173,195
67.183,162
67.193,185
67.203,192
67.213,185
67.224,164
67.234,174
67.244,152
67.254,162
67.264,186
67.275,197
67.285,181
67.295,177
67.305,160
67.315,199
67.325,169
67.336,178
67.346,215
67.356,166
67.366,166
67.376,184
67.387,171
67.397,186
67.407,187
67.417,191
67.427,180
67.438,196
67.448,184
67.458,204
67.468,182
67.478,194
67.489,167
67.499,176
67.509,190
67.519,165
67.529,188
67.54,177
67.55,170
67.56,167
67.57,174
67.58,190
67.591,162
67.601,177
67.611,184
67.621,155
67.631,181
67.641,196
67.652,196
67.662,165
67.672,151
67.682,187
67.692,163
67.703,164
67.713,184
67.723,164
67.733,178
67.743,175
67.754,186
67.764,155
67.774,168
67.784,176
67.794,162
67.805,199
67.815,172
67.825,176
67.835,155
67.845,176
67.856,163
67.866,167
67.876,162
67.886,174
67.896,169
67.906,161
67.917,165
67.927,161
67.937,193
67.947,168
67.957,171
67.968,156
67.978,171
67.988,191
67.998,173
68.008,176
68.019,164
68.029,192
68.039,159
68.049,168
68.059,173
68.07,159
68.08,150
68.09,208
68.1,181
68.11,185
68.121,166
68.131,176
68.141,139
68.151,167
68.161,163
68.171,152
68.182,166
68.192,189
68.202,179
68.212,161
68.222,183
68.233,167
68.243,193
68.253,165
68.263,157
68.273,183
68.284,185
68.294,161
68.304,168
68.314,163
68.324,159
68.335,171
68.345,181
68.355,156
68.365,180
68.375,155
68.386,196
68.396,209
68.406,163
68.416,158
68.426,157
68.437,184
68.447,180
68.457,156
68.467,190
68.477,143
68.487,149
68.498,176
68.508,180
68.518,181
68.528,157
68.538,168
68.549,184
68.559,177
68.569,156
68.579,151
68.589,187
68.6,139
68.61,157
68.62,158
68.63,171
68.64,171
68.651,178
68.661,171
68.671,180
68.681,160
68.691,155
68.702,177
68.712,176
68.722,169
68.732,168
68.742,154
68.752,150
68.763,156
68.773,161
68.783,182
68.793,159
68.803,181
68.814,164
68.824,185
68.834,172
68.844,160
68.854,167
68.865,179
68.875,177
68.885,161
68.895,145
68.905,145
68.916,187
68.926,162
68.936,165
68.946,175
68.956,174
68.967,147
68.977,164
68.987,174
68.997,165
69.007,162
69.018,166
69.028,162
69.038,163
69.048,151
69.058,156
69.068,189
69.079,188
69.089,174
69.099,196
69.109,180
69.119,153
69.13,166
69.14,195
69.15,158
69.16,188
69.17,166
69.181,168
69.191,192
69.201,131
69.211,158
69.221,159
69.232,163
69.242,148
69.252,161
69.262,149
69.272,182
69.283,174
69.293,134
69.303,171
69.313,175
69.323,158
69.333,153
69.344,157
69.354,158
69.364,181
69.374,133
69.384,141
69.395,144
69.405,132
69.415,173
69.425,157
69.435,151
69.446,149
69.456,148
69.466,173
69.476,161
69.486,141
69.497,154
69.507,157
69.517,158
69.527,152
69.537,140
69.548,157
69.558,175
69.568,159
69.578,156
69.588,147
69.599,170
69.609,162
69.619,154
69.629,153
69.639,169
69.649,151
69.66,170
69.67,152
69.68,159
69.69,145
69.7,170
69.711,163
69.721,153
69.731,142
69.741,196
69.751,171
69.762,125
69.772,143
69.782,178
69.792,147
69.802,162
69.813,160
69.823,170
69.833,142
69.843,165
69.853,145
69.864,182
69.874,182
69.884,153
69.894,160
69.904,160
69.914,169
69.925,169
69.935,146
69.945,151
69.955,145
69.965,142
69.976,152
69.986,130
69.996,168
70.006,146
70.016,157
70.027,160
70.037,161
70.047,178
70.057,155
70.067,182
70.078,155
70.088,154
70.098,158
70.108,176
70.118,163
70.129,144
70.139,146
70.149,159
70.159,159
70.169,156
70.179,153
70.19,168
70.2,165
70.21,167
70.22,167
70.23,167
70.241,155
70.251,144
70.261,142
70.271,166
70.281,138
70.292,159
70.302,164
70.312,162
70.322,170
70.332,149
70.343,140
70.353,143
70.363,155
70.373,149
70.383,164
70.394,178
70.404,131
70.414,151
70.424,164
70.434,145
70.445,155
70.455,150
70.465,155
70.475,177
70.485,158
70.495,148
70.506,172
70.516,148
70.526,154
70.536,164
70.546,154
70.557,144
70.567,155
70.577,141
70.587,166
70.597,145
70.608,152
70.618,175
70.628,154
70.638,155
70.648,160
70.659,159
70.669,161
70.679,170
70.689,162
70.699,166
70.71,148
70.72,164
70.73,169
70.74,139
70.75,156
70.76,153
70.771,168
70.781,145
70.791,176
70.801,149
70.811,152
70.822,141
70.832,156
70.842,141
70.852,149
70.862,192
70.873,171
70.883,157
70.893,172
70.903,147
70.913,149
70.924,154
70.934,177
70.944,146
70.954,162
70.964,177
70.975,163
70.985,178
70.995,171
71.005,157
71.015,148
71.026,176
71.036,170
71.046,158
71.056,157
71.066,156
71.076,141
71.087,163
71.097,165
71.107,162
71.117,153
71.127,146
71.138,170
71.148,166
71.158,165
71.168,138
71.178,154
71.189,159
71.199,155
71.209,166
71.219,169
71.229,183
71.24,189
71.25,153
71.26,192
71.27,183
71.28,163
71.291,161
71.301,169
71.311,156
71.321,178
71.331,160
71.341,174
71.352,196
71.362,161
71.372,154
71.382,164
71.392,144
71.403,150
71.413,181
71.423,156
71.433,158
71.443,181
71.454,184
71.464,161
71.474,153
71.484,174
71.494,160
71.505,166
71.515,138
71.525,154
71.535,153
71.545,173
71.556,155
71.566,174
71.576,178
71.586,185
71.596,181
71.606,153
71.617,169
71.627,164
71.637,177
71.647,159
71.657,169
71.668,183
71.678,179
71.688,163
71.698,163
71.708,194
71.719,147
71.729,156
71.739,185
71.749,177
71.759,186
71.77,186
71.78,174
71.79,163
71.8,181
71.81,183
71.821,159
71.831,179
71.841,166
71.851,166
71.861,151
71.872,175
71.882,161
71.892,182
71.902,160
71.912,157
71.922,155
71.933,166
71.943,169
71.953,172
71.963,156
71.973,162
71.984,155
71.994,159
72.004,174
72.014,201
72.024,156
72.035,164
72.045,176
72.055,168
72.065,170
72.075,161
72.086,195
72.096,163
72.106,159
72.116,173
72.126,196
72.137,184
72.147,159
72.157,174
72.167,161
72.177,190
72.187,181
72.198,158
72.208,184
72.218,183
72.228,182
72.238,177
72.249,172
72.259,169
72.269,181
72.279,187
72.289,194
72.3,157
72.31,192
72.32,183
72.33,170
72.34,218
72.351,169
72.361,183
72.371,163
72.381,169
72.391,169
72.402,199
72.412,216
72.422,172
72.432,181
72.442,179
72.453,179
72.463,187
72.473,169
72.483,168
72.493,153
72.503,161
72.514,177
72.524,193
72.534,177
72.544,179
72.554,165
72.565,190
72.575,170
72.585,173
72.595,167
72.605,155
72.616,179
72.626,168
72.636,197
72.646,174
72.656,205
72.667,175
72.677,165
72.687,196
72.697,176
72.707,174
72.718,181
72.728,176
72.738,177
72.748,186
72.758,183
72.768,180
72.779,178
72.789,178
72.799,170
72.809,175
72.819,200
72.83,201
72.84,176
72.85,184
72.86,205
72.87,206
72.881,188
72.891,191
72.901,211
72.911,179
72.921,193
72.932,180
72.942,169
72.952,183
72.962,143
72.972,175
72.983,184
72.993,204
73.003,167
73.013,198
73.023,186
73.033,173
73.044,173
73.054,184
73.064,177
73.074,194
73.084,178
73.095,157
73.105,188
73.115,192
73.125,164
73.135,168
73.146,163
73.156,183
73.166,187
73.176,180
73.186,177
73.197,190
73.207,147
73.217,177
73.227,165
73.237,170
73.248,173
73.258,207
73.268,186
73.278,202
73.288,179
73.299,170
73.309,196
73.319,185
73.329,162
73.339,205
73.349,170
73.36,188
73.37,177
73.38,149
73.39,177
73.4,197
73.411,164
73.421,151
73.431,187
73.441,172
73.451,183
73.462,186
73.472,161
73.482,173
73.492,157
73.502,197
73.513,157
73.523,174
73.533,189
73.543,162
73.553,171
73.564,185
73.574,171
73.584,173
73.594,187
73.604,188
73.614,229
73.625,162
73.635,153
73.645,178
73.655,187
73.665,189
73.676,203
73.686,169
73.696,177
73.706,209
73.716,190
73.727,179
73.737,194
73.747,222
73.757,186
73.767,202
73.778,168
73.788,209
73.798,204
73.808,197
73.818,201
73.829,160
73.839,197
73.849,199
73.859,215
73.869,202
73.88,196
73.89,201
73.9,198
73.91,206
73.92,219
73.93,195
73.941,208
73.951,206
73.961,174
73.971,209
73.981,204
73.992,215
74.002,206
74.012,213
74.022,194
74.032,202
74.043,197
74.053,192
74.063,208
74.073,202
74.083,203
74.094,175
74.104,219
74.114,206
74.124,204
74.134,179
74.145,209
74.155,198
74.165,192
74.175,190
74.185,196
74.195,209
74.206,216
74.216,165
74.226,192
74.236,184
74.246,189
74.257,176
74.267,181
74.277,198
74.287,219
74.297,185
74.308,175
74.318,194
74.328,170
74.338,184
74.348,199
74.359,186
74.369,185
74.379,202
74.389,197
74.399,200
74.41,189
74.42,185
74.43,154
74.44,208
74.45,184
74.461,214
74.471,197
74.481,188
74.491,185
74.501,201
74.511,200
74.522,165
74.532,209
74.542,211
74.552,165
74.562,195
74.573,161
74.583,208
74.593,204
74.603,212
74.613,181
74.624,184
74.634,145
74.644,229
74.654,179
74.664,185
74.675,193
74.685,164
74.695,173
74.705,181
74.715,214
74.726,196
74.736,202
74.746,198
74.756,191
74.766,199
74.776,196
74.787,179
74.797,179
74.807,179
74.817,173
74.827,185
74.838,189
74.848,190
74.858,175
74.868,193
74.878,199
74.889,211
74.899,194
74.909,205
74.919,218
74.929,182
74.94,193
74.95,180
74.96,200
74.97,201
74.98,232
74.991,217
75.001,166
75.011,187
75.021,216
75.031,187
75.041,184
75.052,195
75.062,189
75.072,180
75.082,187
75.092,186
75.103,214
75.113,228
75.123,209
75.133,183
75.143,193
75.154,185
75.164,207
75.174,191
75.184,200
75.194,192
75.205,194
75.215,204
75.225,180
75.235,163
75.245,211
75.256,199
75.266,210
75.276,198
75.286,218
75.296,191
75.307,194
75.317,198
75.327,233
75.337,181
75.347,197
75.357,197
75.368,200
75.378,159
75.388,213
75.398,191
75.408,171
75.419,218
75.429,195
75.439,189
75.449,200
75.459,207
75.47,202
75.48,179
75.49,194
75.5,200
75.51,187
75.521,167
75.531,205
75.541,195
75.551,194
75.561,226
75.572,216
75.582,191
75.592,181
75.602,218
75.612,189
75.622,199
75.633,231
75.643,187
75.653,179
75.663,196
75.673,177
75.684,194
75.694,174
75.704,198
75.714,211
75.724,185
75.735,181
75.745,215
75.755,208
75.765,179
75.775,217
75.786,210
75.796,230
75.806,216
75.816,196
75.826,209
75.837,225
75.847,200
75.857,187
75.867,200
75.877,209
75.888,176
75.898,188
75.908,212
75.918,196
75.928,187
75.938,205
75.949,203
75.959,196
75.969,185
75.979,221
75.989,244
76,203
76.01,194
76.02,200
76.03,215
76.04,208
76.051,222
76.061,227
76.071,205
76.081,202
76.091,191
76.102,221
76.112,223
76.122,222
76.132,227
76.142,207
76.153,217
76.163,210
76.173,218
76.183,205
76.193,209
76.203,195
76.214,216
76.224,179
76.234,225
76.244,199
76.254,221
76.265,213
76.275,219
76.285,221
76.295,215
76.305,221
76.316,208
76.326,219
76.336,231
76.346,230
76.356,225
76.367,236
76.377,231
76.387,213
76.397,224
76.407,224
76.418,229
76.428,212
76.438,217
76.448,236
76.458,222
76.468,226
76.479,233
76.489,233
76.499,241
76.509,219
76.519,232
76.53,247
76.54,243
76.55,263
76.56,244
76.57,234
76.581,258
76.591,249
76.601,257
76.611,268
76.621,268
76.632,248
76.642,244
76.652,266
76.662,234
76.672,275
76.683,267
76.693,258
76.703,261
76.713,277
76.723,262
76.734,259
76.744,292
76.754,273
76.764,266
76.774,258
76.784,286
76.795,266
76.805,283
76.815,292
76.825,294
76.835,298
76.846,310
76.856,281
76.866,325
76.876,302
76.886,334
76.897,312
76.907,320
76.917,312
76.927,359
76.937,339
76.948,308
76.958,344
76.968,317
76.978,333
76.988,338
76.999,360
77.009,349
77.019,357
77.029,339
77.039,388
77.049,359
77.06,381
77.07,369
77.08,383
77.09,391
77.1,433
77.111,398
77.121,442
77.131,461
77.141,453
77.151,483
77.162,494
77.172,498
77.182,470
77.192,536
77.202,528
77.213,548
77.223,540
77.233,581
77.243,604
77.253,624
77.264,595
77.274,655
77.284,670
77.294,691
77.304,712
77.315,730
77.325,768
77.335,738
77.345,843
77.355,886
77.365,903
77.376,999
77.386,966
77.396,996
77.406,1051
77.416,1085
77.427,1135
77.437,1204
77.447,1271
77.457,1359
77.467,1463
77.478,1392
77.488,1465
77.498,1575
77.508,1734
77.518,1715
77.529,1839
77.539,1903
77.549,2024
77.559,2120
77.569,2159
77.58,2267
77.59,2437
77.6,2435
77.61,2706
77.62,2670
77.63,2765
77.641,2939
77.651,3014
77.661,3145
77.671,3230
77.681,3315
77.692,3347
77.702,3471
77.712,3392
77.722,3371
77.732,3489
77.743,3517
77.753,3540
77.763,3584
77.773,3379
77.783,3507
77.794,3400
77.804,3379
77.814,3359
77.824,3308
77.834,3247
77.845,3228
77.855,3289
77.865,3217
77.875,3175
77.885,3091
77.895,3023
77.906,2961
77.916,2929
77.926,2870
77.936,2867
77.946,2746
77.957,2742
77.967,2677
77.977,2523
77.987,2609
77.997,2463
78.008,2368
78.018,2210
78.028,2259
78.038,2209
78.048,2041
78.059,2008
78.069,1825
78.079,1812
78.089,1661
78.099,1650
78.11,1599
78.12,1617
78.13,1413
78.14,1405
78.15,1395
78.161,1265
78.171,1219
78.181,1194
78.191,1154
78.201,1094
78.211,1057
78.222,1007
78.232,940
78.242,969
78.252,937
78.262,829
78.273,863
78.283,804
78.293,800
78.303,746
78.313,730
78.324,701
78.334,678
78.344,678
78.354,670
78.364,628
78.375,601
78.385,599
78.395,545
78.405,543
78.415,531
78.426,543
78.436,536
78.446,560
78.456,487
78.466,539
78.476,503
78.487,465
78.497,490
78.507,459
78.517,473
78.527,478
78.538,423
78.548,428
78.558,409
78.568,413
78.578,407
78.589,399
78.599,381
78.609,383
78.619,324
78.629,375
78.64,386
78.65,376
78.66,338
78.67,403
78.68,387
78.691,349
78.701,355
78.711,333
78.721,351
78.731,343
78.742,348
78.752,311
78.762,350
78.772,324
78.782,300
78.792,327
78.803,284
78.813,314
78.823,294
78.833,299
78.843,304
78.854,328
78.864,291
78.874,293
78.884,318
78.894,292
78.905,301
78.915,290
78.925,310
78.935,303
78.945,333
78.956,304
78.966,297
78.976,276
78.986,288
78.996,291
79.007,276
79.017,253
79.027,283
79.037,261
79.047,286
79.057,234
79.068,250
79.078,248
79.088,273
79.098,262
79.108,275
79.119,239
79.129,264
79.139,284
79.149,269
79.159,257
79.17,250
79.18,240
79.19,258
79.2,249
79.21,210
79.221,236
79.231,232
79.241,235
79.251,244
79.261,253
79.272,233
79.282,244
79.292,246
79.302,231
79.312,227
79.322,240
79.333,224
79.343,251
79.353,227
79.363,211
79.373,238
79.384,214
79.394,226
79.404,213
79.414,236
79.424,261
79.435,257
79.445,254
79.455,238
79.465,231
79.475,216
79.486,189
79.496,230
79.506,210
79.516,238
79.526,245
79.537,214
79.547,213
79.557,219
79.567,213
79.577,227
79.588,230
79.598,209
79.608,213
79.618,207
79.628,245
79.638,247
79.649,218
79.659,217
79.669,190
79.679,203
79.689,249
79.7,188
79.71,199
79.72,226
79.73,209
79.74,201
79.751,213
79.761,173
79.771,206
79.781,223
79.791,202
79.802,199
79.812,189
79.822,231
79.832,204
79.842,252
79.853,189
79.863,197
79.873,210
79.883,206
79.893,183
79.903,213
79.914,204
79.924,232
79.934,225
79.944,202
79.954,197
79.965,195
79.975,172
79.985,170
79.995,188
80.005,185
80.016,208
80.026,194
80.036,214
80.046,179
80.056,202
80.067,198
80.077,176
80.087,190
80.097,200
80.107,188
80.118,194
80.128,199
80.138,175
80.148,185
80.158,201
80.169,163
80.179,188
80.189,185
80.199,174
80.209,216
80.219,193
80.23,180
80.24,191
80.25,200
80.26,173
80.27,190
80.281,172
80.291,183
80.301,196
80.311,182
80.321,213
80.332,196
80.342,170
80.352,179
80.362,175
80.372,192
80.383,164
80.393,199
80.403,198
80.413,183
80.423,180
80.434,205
80.444,186
80.454,169
80.464,186
80.474,169
80.484,179
80.495,159
80.505,181
80.515,174
80.525,175
80.535,219
80.546,185
80.556,208
80.566,196
80.576,178
80.586,193
80.597,220
80.607,188
80.617,170
80.627,204
80.637,174
80.648,190
80.658,164
80.668,159
80.678,195
80.688,194
80.699,188
80.709,200
80.719,187
80.729,167
80.739,153
80.75,179
80.76,179
80.77,180
80.78,182
80.79,202
80.8,166
80.811,188
80.821,155
80.831,190
80.841,181
80.851,182
80.862,167
80.872,174
80.882,185
80.892,184
80.902,169
80.913,202
80.923,182
80.933,197
80.943,177
80.953,187
80.964,178
80.974,170
80.984,197
80.994,187
81.004,187
81.015,186
81.025,210
81.035,170
81.045,186
81.055,184
81.065,179
81.076,201
81.086,197
81.096,166
81.106,216
81.116,189
81.127,207
81.137,221
81.147,198
81.157,206
81.167,198
81.178,232
81.188,206
81.198,191
81.208,245
81.218,199
81.229,221
81.239,206
81.249,222
81.259,247
81.269,233
81.28,187
81.29,237
81.3,223
81.31,227
81.32,230
81.33,270
81.341,229
81.351,262
81.361,243
81.371,246
81.381,266
81.392,261
81.402,265
81.412,306
81.422,262
81.432,283
81.443,319
81.453,283
81.463,297
81.473,313
81.483,331
81.494,338
81.504,317
81.514,356
81.524,383
81.534,351
81.545,363
81.555,364
81.565,375
81.575,413
81.585,389
81.596,419
81.606,434
81.616,446
81.626,426
81.636,516
81.646,491
81.657,507
81.667,537
81.677,570
81.687,597
81.697,657
81.708,685
81.718,698
81.728,669
81.738,736
81.748,737
81.759,792
81.769,807
81.779,809
81.789,865
81.799,929
81.81,918
81.82,890
81.83,986
81.84,1000
81.85,1035
81.861,990
81.871,978
81.881,1097
81.891,1013
81.901,1023
81.911,992
81.922,1029
81.932,1013
81.942,1065
81.952,1053
81.962,1080
81.973,1006
81.983,970
81.993,937
82.003,982
82.013,961
82.024,1002
82.034,962
82.044,930
82.054,932
82.064,924
82.075,916
82.085,905
82.095,850
82.105,780
82.115,880
82.126,898
82.136,755
82.146,813
82.156,802
82.166,743
82.177,717
82.187,687
82.197,706
82.207,677
82.217,671
82.227,663
82.238,602
82.248,606
82.258,573
82.268,582
82.278,578
82.289,487
82.299,507
82.309,498
82.319,456
82.329,455
82.34,438
82.35,430
82.36,395
82.37,408
82.38,418
82.391,385
82.401,321
82.411,359
82.421,327
82.431,310
82.442,324
82.452,297
82.462,305
82.472,303
82.482,277
82.492,274
82.503,257
82.513,252
82.523,288
82.533,264
82.543,243
82.554,245
82.564,222
82.574,237
82.584,236
82.594,245
82.605,242
82.615,222
82.625,233
82.635,257
82.645,222
82.656,199
82.666,206
82.676,198
82.686,213
82.696,208
82.707,217
82.717,191
82.727,208
82.737,183
82.747,215
82.757,224
82.768,194
82.778,185
82.788,197
82.798,176
82.808,202
82.819,186
82.829,188
82.839,167
82.849,172
82.859,191
82.87,220
82.88,143
82.89,193
82.9,174
82.91,174
82.921,182
82.931,174
82.941,175
82.951,175
82.961,169
82.972,194
82.982,151
82.992,158
83.002,175
83.012,177
83.023,178
83.033,169
83.043,197
83.053,163
83.063,155
83.073,151
83.084,149
83.094,161
83.104,145
83.114,156
83.124,176
83.135,163
83.145,144
83.155,180
83.165,164
83.175,174
83.186,145
83.196,140
83.206,159
83.216,141
83.226,167
83.237,161
83.247,138
83.257,161
83.267,164
83.277,125
83.288,149
83.298,152
83.308,142
83.318,162
83.328,155
83.338,150
83.349,179
83.359,157
83.369,156
83.379,158
83.389,149
83.4,152
83.41,130
83.42,127
83.43,135
83.44,136
83.451,136
83.461,143
83.471,138
83.481,139
83.491,169
83.502,143
83.512,133
83.522,156
83.532,121
83.542,127
83.553,148
83.563,138
83.573,154
83.583,142
83.593,147
83.604,159
83.614,131
83.624,154
83.634,146
83.644,132
83.654,168
83.665,140
83.675,143
83.685,143
83.695,154
83.705,146
83.716,139
83.726,123
83.736,122
83.746,147
83.756,119
83.767,134
83.777,152
83.787,139
83.797,140
83.807,141
83.818,129
83.828,137
83.838,137
83.848,128
83.858,127
83.869,136
83.879,129
83.889,127
83.899,138
83.909,137
83.919,120
83.93,118
83.94,134
83.95,137
83.96,150
83.97,121
83.981,146
83.991,115
84.001,131
84.011,125
84.021,140
84.032,123
84.042,115
84.052,140
84.062,129
84.072,128
84.083,137
84.093,142
84.103,135
84.113,125
84.123,128
84.134,133
84.144,113
84.154,127
84.164,126
84.174,141
84.184,111
84.195,125
84.205,134
84.215,118
84.225,128
84.235,134
84.246,125
84.256,164
84.266,104
84.276,104
84.286,140
84.297,119
84.307,131
84.317,141
84.327,126
84.337,139
84.348,130
84.358,122
84.368,142
84.378,127
84.388,147
84.399,156
84.409,129
84.419,133
84.429,127
84.439,131
84.45,139
84.46,124
84.47,116
84.48,154
84.49,146
84.5,135
84.511,133
84.521,132
84.531,128
84.541,121
84.551,135
84.562,122
84.572,110
84.582,127
84.592,123
84.602,127
84.613,132
84.623,115
84.633,121
84.643,117
84.653,119
84.664,133
84.674,115
84.684,133
84.694,152
84.704,113
84.715,102
84.725,149
84.735,116
84.745,152
84.755,124
84.765,117
84.776,130
84.786,140
84.796,117
84.806,119
84.816,130
84.827,116
84.837,113
84.847,125
84.857,108
84.867,116
84.878,142
84.888,134
84.898,131
84.908,119
84.918,118
84.929,141
84.939,109
84.949,126
84.959,113
84.969,118
84.98,114
84.99,131
85,124
85.01,122
85.02,137
85.031,125
85.041,106
85.051,111
85.061,135
85.071,137
85.081,138
85.092,126
85.102,129
85.112,131
85.122,124
85.132,114
85.143,118
85.153,109
85.163,123
85.173,130
85.183,122
85.194,135
85.204,118
85.214,118
85.224,116
85.234,113
85.245,125
85.255,104
85.265,123
85.275,116
85.285,119
85.296,101
85.306,149
85.316,110
85.326,110
85.336,117
85.346,112
85.357,127
85.367,117
85.377,127
85.387,101
85.397,93
85.408,114
85.418,127
85.428,118
85.438,127
85.448,102
85.459,119
85.469,116
85.479,103
85.489,115
85.499,120
85.51,115
85.52,117
85.53,117
85.54,129
85.55,116
85.561,132
85.571,111
85.581,122
85.591,133
85.601,117
85.611,123
85.622,117
85.632,118
85.642,116
85.652,116
85.662,107
85.673,119
85.683,114
85.693,110
85.703,109
85.713,131
85.724,122
85.734,113
85.744,104
85.754,124
85.764,120
85.775,113
85.785,117
85.795,110
85.805,112
85.815,121
85.826,127
85.836,119
85.846,109
85.856,100
85.866,122
85.877,116
85.887,137
85.897,116
85.907,114
85.917,115
85.927,132
85.938,151
85.948,120
85.958,113
85.968,116
85.978,113
85.989,98
85.999,110
86.009,103
86.019,145
86.029,132
86.04,125
86.05,115
86.06,112
86.07,119
86.08,120
86.091,99
86.101,119
86.111,122
86.121,123
86.131,97
86.142,117
86.152,110
86.162,117
86.172,130
86.182,115
86.192,139
86.203,113
86.213,108
86.223,102
86.233,116
86.243,110
86.254,105
86.264,117
86.274,122
86.284,123
86.294,136
86.305,111
86.315,132
86.325,69
86.335,130
86.345,99
86.356,101
86.366,95
86.376,107
86.386,134
86.396,112
86.407,100
86.417,96
86.427,102
86.437,112
86.447,136
86.458,109
86.468,117
86.478,113
86.488,94
86.498,124
86.508,117
86.519,122
86.529,111
86.539,114
86.549,118
86.559,105
86.57,119
86.58,104
86.59,104
86.6,112
86.61,108
86.621,104
86.631,101
86.641,125
86.651,116
86.661,111
86.672,127
86.682,122
86.692,129
86.702,137
86.712,125
86.723,116
86.733,99
86.743,119
86.753,117
86.763,111
86.773,107
86.784,137
86.794,101
86.804,125
86.814,115
86.824,105
86.835,115
86.845,107
86.855,95
86.865,119
86.875,122
86.886,119
86.896,109
86.906,108
86.916,107
86.926,91
86.937,114
86.947,130
86.957,110
86.967,136
86.977,105
86.988,107
86.998,122
87.008,131
87.018,128
87.028,114
87.039,112
87.049,118
87.059,118
87.069,115
87.079,104
87.089,135
87.1,117
87.11,92
87.12,102
87.13,112
87.14,108
87.151,120
87.161,101
87.171,114
87.181,106
87.191,97
87.202,126
87.212,130
87.222,124
87.232,116
87.242,123
87.253,113
87.263,101
87.273,87
87.283,114
87.293,108
87.304,84
87.314,95
87.324,110
87.334,122
87.344,91
87.354,122
87.365,105
87.375,96
87.385,132
87.395,100
87.405,103
87.416,106
87.426,121
87.436,112
87.446,100
87.456,108
87.467,127
87.477,108
87.487,115
87.497,107
87.507,102
87.518,117
87.528,110
87.538,115
87.548,107
87.558,122
87.569,91
87.579,112
87.589,112
87.599,103
87.609,96
87.619,103
87.63,121
87.64,124
87.65,110
87.66,106
87.67,104
87.681,101
87.691,117
87.701,113
87.711,110
87.721,116
87.732,113
87.742,138
87.752,117
87.762,133
87.772,85
87.783,99
87.793,111
87.803,107
87.813,106
87.823,130
87.834,114
87.844,99
87.854,124
87.864,118
87.874,113
87.885,104
87.895,110
87.905,137
87.915,95
87.925,116
87.935,116
87.946,114
87.956,107
87.966,110
87.976,114
87.986,114
87.997,120
88.007,105
88.017,122
88.027,113
88.037,126
88.048,106
88.058,111
88.068,105
88.078,127
88.088,117
88.099,115
88.109,114
88.119,110
88.129,102
88.139,105
88.15,108
88.16,109
88.17,129
88.18,107
88.19,96
88.2,94
88.211,104
88.221,116
88.231,111
88.241,101
88.251,109
88.262,113
88.272,125
88.282,118
88.292,103
88.302,101
88.313,113
88.323,98
88.333,115
88.343,102
88.353,106
88.364,106
88.374,112
88.384,109
88.394,122
88.404,99
88.415,108
88.425,108
88.435,109
88.445,108
88.455,112
88.466,113
88.476,101
88.486,104
88.496,111
88.506,117
88.516,107
88.527,121
88.537,109
88.547,126
88.557,110
88.567,113
88.578,127
88.588,112
88.598,103
88.608,116
88.618,127
88.629,120
88.639,102
88.649,113
88.659,115
88.669,98
88.68,103
88.69,106
88.7,131
88.71,98
88.72,101
88.731,126
88.741,112
88.751,101
88.761,97
88.771,85
88.781,94
88.792,103
88.802,103
88.812,114
88.822,99
88.832,123
88.843,109
88.853,102
88.863,108
88.873,112
88.883,107
88.894,103
88.904,124
88.914,109
88.924,107
88.934,117
88.945,111
88.955,109
88.965,94
88.975,112
88.985,100
88.996,128
89.006,111
89.016,108
89.026,108
89.036,110
89.046,100
89.057,109
89.067,104
89.077,107
89.087,121
89.097,124
89.108,102
89.118,108
89.128,121
89.138,120
89.148,97
89.159,92
89.169,126
89.179,94
89.189,100
89.199,128
89.21,99
89.22,103
89.23,115
89.24,108
89.25,109
89.261,91
89.271,106
89.281,135
89.291,113
89.301,94
89.312,88
89.322,117
89.332,96
89.342,101
89.352,106
89.362,83
89.373,97
89.383,112
89.393,88
89.403,121
89.413,125
89.424,95
89.434,122
89.444,99
89.454,120
89.464,105
89.475,99
89.485,100
89.495,113
89.505,105
89.515,106
89.526,97
89.536,112
89.546,101
89.556,103
89.566,96
89.577,89
89.587,103
89.597,113
89.607,132
89.617,124
89.627,109
89.638,107
89.648,116
89.658,92
89.668,98
89.678,98
89.689,111
89.699,111
89.709,102
89.719,124
89.729,104
89.74,115
89.75,116
89.76,101
89.77,120
89.78,127
89.791,110
89.801,110
89.811,95
89.821,125
89.831,126
89.842,116
89.852,116
89.862,109
89.872,116
89.882,105
89.893,99
89.903,110
89.913,122
89.923,116
89.933,97
89.943,112
89.954,114
89.964,93
89.974,122
89.984,107
89.994,95
90.005,98
90.015,98
90.025,101
90.035,88
90.045,109
90.056,94
90.066,111
90.076,110
90.086,101
90.096,107
90.107,89
90.117,98
90.127,94
90.137,100
90.147,119
90.158,111
90.168,114
90.178,101
90.188,108
90.198,100
90.208,112
90.219,104
90.229,111
90.239,110
90.249,107
90.259,95
90.27,118
90.28,100
90.29,114
90.3,113
90.31,124
90.321,122
90.331,95
90.341,114
90.351,84
90.361,101
90.372,110
90.382,112
90.392,113
90.402,112
90.412,124
90.423,105
90.433,99
90.443,98
90.453,86
90.463,107
90.473,98
90.484,103
90.494,122
90.504,131
90.514,101
90.524,126
90.535,109
90.545,117
90.555,128
90.565,93
90.575,102
90.586,115
90.596,135
90.606,103
90.616,104
90.626,112
90.637,126
90.647,106
90.657,112
90.667,90
90.677,133
90.688,119
90.698,100
90.708,113
90.718,112
90.728,121
90.739,118
90.749,114
90.759,93
90.769,85
90.779,123
90.789,87
90.8,104
90.81,139
90.82,84
90.83,114
90.84,121
90.851,118
90.861,94
90.871,112
90.881,110
90.891,117
90.902,114
90.912,115
90.922,107
90.932,118
90.942,105
90.953,103
90.963,99
90.973,131
90.983,100
90.993,99
91.004,111
91.014,117
91.024,92
91.034,115
91.044,104
91.054,118
91.065,95
91.075,98
91.085,99
91.095,90
91.105,110
91.116,103
91.126,117
91.136,128
91.146,98
91.156,94
91.167,99
91.177,108
91.187,98
91.197,110
91.207,101
91.218,111
91.228,94
91.238,96
91.248,116
91.258,102
91.269,120
91.279,100
91.289,87
91.299,116
91.309,104
91.32,97
91.33,95
91.34,115
91.35,103
91.36,94
91.37,118
91.381,122
91.391,92
91.401,101
91.411,116
91.421,114
91.432,103
91.442,103
91.452,112
91.462,109
91.472,115
91.483,106
91.493,111
91.503,117
91.513,116
91.523,96
91.534,125
91.544,96
91.554,105
91.564,118
91.574,95
91.585,92
91.595,93
91.605,107
91.615,94
91.625,117
91.635,120
91.646,122
91.656,115
91.666,115
91.676,97
91.686,116
91.697,84
91.707,102
91.717,104
91.727,129
91.737,117
91.748,103
91.758,111
91.768,110
91.778,96
91.788,107
91.799,96
91.809,113
91.819,96
91.829,111
91.839,99
91.85,102
91.86,104
91.87,120
91.88,98
91.89,102
91.9,111
91.911,130
91.921,112
91.931,126
91.941,96
91.951,113
91.962,114
91.972,98
91.982,108
91.992,117
92.002,123
92.013,117
92.023,97
92.033,121
92.043,110
92.053,108
92.064,122
92.074,116
92.084,111
92.094,118
92.104,103
92.115,112
92.125,112
92.135,106
92.145,95
92.155,102
92.166,114
92.176,110
92.186,103
92.196,116
92.206,106
92.216,93
92.227,123
92.237,134
92.247,97
92.257,118
92.267,112
92.278,126
92.288,130
92.298,111
92.308,121
92.318,128
92.329,116
92.339,100
92.349,120
92.359,108
92.369,102
92.38,92
92.39,123
92.4,112
92.41,115
92.42,121
92.431,125
92.441,100
92.451,117
92.461,110
92.471,123
92.481,130
92.492,103
92.502,98
92.512,101
92.522,130
92.532,96
92.543,101
92.553,110
92.563,117
92.573,108
92.583,95
92.594,110
92.604,100
92.614,117
92.624,103
92.634,94
92.645,116
92.655,112
92.665,100
92.675,118
92.685,110
92.696,123
92.706,113
92.716,112
92.726,116
92.736,112
92.747,111
92.757,112
92.767,109
92.777,123
92.787,117
92.797,116
92.808,106
92.818,118
92.828,105
92.838,107
92.848,88
92.859,107
92.869,113
92.879,136
92.889,110
92.899,129
92.91,128
92.92,110
92.93,129
92.94,120
92.95,109
92.961,112
92.971,118
92.981,146
92.991,118
93.001,111
93.012,105
93.022,116
93.032,123
93.042,119
93.052,111
93.062,111
93.073,107
93.083,120
93.093,104
93.103,104
93.113,118
93.124,105
93.134,125
93.144,125
93.154,142
93.164,126
93.175,134
93.185,121
93.195,108
93.205,115
93.215,124
93.226,108
93.236,123
93.246,141
93.256,103
93.266,141
93.277,128
93.287,99
93.297,104
93.307,124
93.317,119
93.328,89
93.338,115
93.348,110
93.358,95
93.368,120
93.378,130
93.389,148
93.399,113
93.409,119
93.419,119
93.429,103
93.44,135
93.45,116
93.46,119
93.47,119
93.48,113
93.491,124
93.501,107
93.511,122
93.521,129
93.531,121
93.542,122
93.552,144
93.562,119
93.572,123
93.582,130
93.593,98
93.603,113
93.613,123
93.623,128
93.633,131
93.643,120
93.654,139
93.664,133
93.674,114
93.684,124
93.694,134
93.705,106
93.715,117
93.725,111
93.735,119
93.745,116
93.756,128
93.766,126
93.776,120
93.786,134
93.796,106
93.807,121
93.817,110
93.827,126
93.837,116
93.847,132
93.858,130
93.868,118
93.878,97
93.888,124
93.898,127
93.908,137
93.919,119
93.929,132
93.939,127
93.949,131
93.959,130
93.97,106
93.98,102
93.99,113
94,106
94.01,111
94.021,128
94.031,135
94.041,122
94.051,116
94.061,150
94.072,100
94.082,114
94.092,118
94.102,134
94.112,103
94.123,117
94.133,117
94.143,118
94.153,120
94.163,115
94.174,118
94.184,148
94.194,127
94.204,136
94.214,126
94.224,110
94.235,116
94.245,126
94.255,144
94.265,125
94.275,114
94.286,93
94.296,110
94.306,120
94.316,114
94.326,114
94.337,145
94.347,132
94.357,119
94.367,108
94.377,128
94.388,124
94.398,128
94.408,132
94.418,104
94.428,137
94.439,114
94.449,118
94.459,107
94.469,107
94.479,112
94.489,132
94.5,115
94.51,112
94.52,117
94.53,113
94.54,119
94.551,115
94.561,147
94.571,114
94.581,116
94.591,132
94.602,117
94.612,105
94.622,136
94.632,108
94.642,103
94.653,124
94.663,123
94.673,103
94.683,122
94.693,139
94.704,134
94.714,116
94.724,95
94.734,109
94.744,119
94.755,121
94.765,134
94.775,141
94.785,139
94.795,131
94.805,117
94.816,132
94.826,147
94.836,122
94.846,123
94.856,128
94.867,125
94.877,114
94.887,111
94.897,124
94.907,124
94.918,110
94.928,126
94.938,108
94.948,129
94.958,118
94.969,129
94.979,96
94.989,150
94.999,106
95.009,129
95.02,114
95.03,132
95.04,115
95.05,121
95.06,126
95.07,106
95.081,114
95.091,90
95.101,138
95.111,138
95.121,132
95.132,127
95.142,128
95.152,136
95.162,121
95.172,107
95.183,135
95.193,115
95.203,123
95.213,101
95.223,119
95.234,131
95.244,109
95.254,101
95.264,143
95.274,123
95.285,122
95.295,115
95.305,120
95.315,108
95.325,119
95.335,105
95.346,123
95.356,128
95.366,140
95.376,127
95.386,110
95.397,127
95.407,103
95.417,123
95.427,121
95.437,102
95.448,97
95.458,84
95.468,113
95.478,131
95.488,118
95.499,109
95.509,112
95.519,118
95.529,124
95.539,121
95.55,122
95.56,99
95.57,97
95.58,110
95.59,100
95.601,133
95.611,97
95.621,123
95.631,87
95.641,104
95.651,102
95.662,131
95.672,109
95.682,140
95.692,109
95.702,138
95.713,131
95.723,112
95.733,121
95.743,111
95.753,111
95.764,109
95.774,130
95.784,119
95.794,120
95.804,115
95.815,128
95.825,123
95.835,117
95.845,106
95.855,99
95.866,129
95.876,96
95.886,128
95.896,115
95.906,106
95.916,111
95.927,100
95.937,112
95.947,118
95.957,119
95.967,121
95.978,121
95.988,121
95.998,118
96.008,129
96.018,132
96.029,105
96.039,105
96.049,123
96.059,122
96.069,108
96.08,117
96.09,126
96.1,136
96.11,119
96.12,130
96.131,128
96.141,109
96.151,106
96.161,117
96.171,121
96.182,103
96.192,113
96.202,113
96.212,123
96.222,119
96.232,119
96.243,123
96.253,114
96.263,112
96.273,122
96.283,126
96.294,109
96.304,109
96.314,109
96.324,124
96.334,109
96.345,123
96.355,112
96.365,120
96.375,115
96.385,113
96.396,119
96.406,117
96.416,137
96.426,121
96.436,123
96.447,121
96.457,113
96.467,125
96.477,124
96.487,127
96.497,100
96.508,123
96.518,112
96.528,128
96.538,105
96.548,109
96.559,113
96.569,134
96.579,131
96.589,146
96.599,116
96.61,108
96.62,122
96.63,105
96.64,121
96.65,111
96.661,145
96.671,129
96.681,105
96.691,120
96.701,112
96.712,104
96.722,116
96.732,135
96.742,126
96.752,118
96.762,100
96.773,130
96.783,100
96.793,121
96.803,132
96.813,120
96.824,133
96.834,114
96.844,132
96.854,96
96.864,108
96.875,113
96.885,108
96.895,119
96.905,89
96.915,106
96.926,122
96.936,118
96.946,107
96.956,122
96.966,103
96.977,131
96.987,120
96.997,130
97.007,116
97.017,123
97.028,100
97.038,123
97.048,117
97.058,122
97.068,111
97.078,131
97.089,105
97.099,113
97.109,120
97.119,135
97.129,118
97.14,106
97.15,122
97.16,119
97.17,92
97.18,114
97.191,117
97.201,135
97.211,114
97.221,116
97.231,130
97.242,134
97.252,102
97.262,114
97.272,152
97.282,127
97.293,115
97.303,108
97.313,124
97.323,141
97.333,123
97.343,126
97.354,126
97.364,127
97.374,103
97.384,111
97.394,121
97.405,123
97.415,121
97.425,130
97.435,126
97.445,135
97.456,143
97.466,117
97.476,144
97.486,132
97.496,138
97.507,148
97.517,122
97.527,124
97.537,152
97.547,144
97.558,147
97.568,131
97.578,159
97.588,139
97.598,139
97.609,153
97.619,152
97.629,158
97.639,138
97.649,155
97.659,141
97.67,115
97.68,155
97.69,138
97.7,139
97.71,142
97.721,147
97.731,136
97.741,128
97.751,168
97.761,146
97.772,138
97.782,169
97.792,156
97.802,185
97.812,171
97.823,155
97.833,135
97.843,199
97.853,157
97.863,188
97.874,167
97.884,188
97.894,203
97.904,178
97.914,192
97.924,180
97.935,198
97.945,204
97.955,211
97.965,198
97.975,210
97.986,230
97.996,206
98.006,222
98.016,214
98.026,211
98.037,251
98.047,240
98.057,254
98.067,225
98.077,228
98.088,220
98.098,267
98.108,258
98.118,263
98.128,280
98.139,285
98.149,304
98.159,285
98.169,322
98.179,310
98.189,325
98.2,345
98.21,312
98.22,317
98.23,360
98.24,381
98.251,367
98.261,363
98.271,409
98.281,377
98.291,384
98.302,391
98.312,464
98.322,388
98.332,426
98.342,430
98.353,416
98.363,426
98.373,443
98.383,414
98.393,417
98.404,416
98.414,415
98.424,403
98.434,420
98.444,425
98.455,439
98.465,406
98.475,461
98.485,449
98.495,395
98.505,401
98.516,400
98.526,429
98.536,412
98.546,398
98.556,402
98.567,393
98.577,403
98.587,391
98.597,367
98.607,400
98.618,382
98.628,379
98.638,375
98.648,403
98.658,377
98.669,352
98.679,353
98.689,324
98.699,378
98.709,342
98.72,369
98.73,342
98.74,325
98.75,386
98.76,312
98.77,289
98.781,307
98.791,318
98.801,297
98.811,279
98.821,310
98.832,292
98.842,320
98.852,267
98.862,279
98.872,284
98.883,274
98.893,276
98.903,267
98.913,251
98.923,249
98.934,232
98.944,260
98.954,239
98.964,227
98.974,209
98.985,243
98.995,215
99.005,217
99.015,199
99.025,221
99.036,204
99.046,223
99.056,183
99.066,191
99.076,198
99.086,179
99.097,175
99.107,178
99.117,187
99.127,184
99.137,145
99.148,164
99.158,179
99.168,154
99.178,192
99.188,156
99.199,175
99.209,165
99.219,154
99.229,155
99.239,178
99.25,146
99.26,136
99.27,158
99.28,154
99.29,155
99.301,140
99.311,147
99.321,151
99.331,135
99.341,151
99.351,178
99.362,141
99.372,161
99.382,142
99.392,162
99.402,141
99.413,133
99.423,129
99.433,124
99.443,148
99.453,139
99.464,141
99.474,130
99.484,113
99.494,133
99.504,135
99.515,118
99.525,134
99.535,143
99.545,139
99.555,127
99.566,117
99.576,137
99.586,121
99.596,150
99.606,135
99.617,138
99.627,137
99.637,132
99.647,142
99.657,132
99.667,127
99.678,130
99.688,121
99.698,139
99.708,129
99.718,131
99.729,134
99.739,128
99.749,130
99.759,152
99.769,144
99.78,139
99.79,127
99.8,143
99.81,115
99.82,131
99.831,123
99.841,133
99.851,120
99.861,121
99.871,116
99.882,121
99.892,118
99.902,107
99.912,117
99.922,132
99.932,135
99.943,129
99.953,130
99.963,113
99.973,131
99.983,94
99.994,114
100.004,110
100.014,141
100.024,120
100.034,145
100.045,113
100.055,119
100.065,109
100.075,142
